{
  "method": "fuzzytopk_s1cascade",
  "rag_experiment": "R0",
  "prompt_variant": "P3",
  "group_mode": "4group",
  "top_n": 10,
  "total_samples": 99,
  "successful_predictions": 99,
  "valid_predictions": 99,
  "num_diseases": 10,
  "accuracy": 0.696969696969697,
  "balanced_accuracy": 0.6781898656898657,
  "precision_macro": 0.6925,
  "recall_macro": 0.6781898656898657,
  "f1_macro": 0.6759519511338733,
  "precision_micro": 0.696969696969697,
  "recall_micro": 0.696969696969697,
  "f1_micro": 0.696969696969697,
  "precision_weighted": 0.7016835016835017,
  "recall_weighted": 0.696969696969697,
  "f1_weighted": 0.6910189468694428,
  "matthews_corrcoef": 0.6623230652756812,
  "cohen_kappa": 0.6608814797899064,
  "confusion_matrix": [
    [
      8,
      1,
      0,
      0,
      1,
      0,
      0,
      1,
      2,
      0
    ],
    [
      0,
      5,
      0,
      1,
      1,
      0,
      0,
      0,
      2,
      0
    ],
    [
      1,
      0,
      8,
      0,
      0,
      0,
      0,
      0,
      0,
      0
    ],
    [
      1,
      1,
      1,
      3,
      1,
      1,
      0,
      0,
      0,
      0
    ],
    [
      2,
      1,
      0,
      0,
      3,
      1,
      0,
      0,
      0,
      1
    ],
    [
      0,
      2,
      1,
      0,
      0,
      4,
      0,
      0,
      0,
      0
    ],
    [
      0,
      0,
      0,
      0,
      0,
      0,
      11,
      0,
      1,
      0
    ],
    [
      0,
      0,
      0,
      0,
      0,
      0,
      0,
      11,
      1,
      0
    ],
    [
      0,
      0,
      0,
      0,
      0,
      1,
      0,
      3,
      9,
      0
    ],
    [
      0,
      0,
      0,
      0,
      0,
      1,
      0,
      0,
      0,
      7
    ]
  ],
  "per_disease_detailed": {
    "psoriasis": {
      "sensitivity": 0.6153846153846154,
      "specificity": 0.9534883720930233,
      "ppv": 0.6666666666666666,
      "npv": 0.9425287356321839,
      "support": 13
    },
    "lupus erythematosus": {
      "sensitivity": 0.5555555555555556,
      "specificity": 0.9444444444444444,
      "ppv": 0.5,
      "npv": 0.9550561797752809,
      "support": 9
    },
    "lichen planus": {
      "sensitivity": 0.8888888888888888,
      "specificity": 0.9777777777777777,
      "ppv": 0.8,
      "npv": 0.9887640449438202,
      "support": 9
    },
    "scleroderma": {
      "sensitivity": 0.375,
      "specificity": 0.989010989010989,
      "ppv": 0.75,
      "npv": 0.9473684210526315,
      "support": 8
    },
    "photodermatoses": {
      "sensitivity": 0.375,
      "specificity": 0.967032967032967,
      "ppv": 0.5,
      "npv": 0.946236559139785,
      "support": 8
    },
    "sarcoidosis": {
      "sensitivity": 0.5714285714285714,
      "specificity": 0.9565217391304348,
      "ppv": 0.5,
      "npv": 0.967032967032967,
      "support": 7
    },
    "melanocytic nevi": {
      "sensitivity": 0.9166666666666666,
      "specificity": 1.0,
      "ppv": 1.0,
      "npv": 0.9886363636363636,
      "support": 12
    },
    "squamous cell carcinoma in situ": {
      "sensitivity": 0.9166666666666666,
      "specificity": 0.9540229885057471,
      "ppv": 0.7333333333333333,
      "npv": 0.9880952380952381,
      "support": 12
    },
    "basal cell carcinoma": {
      "sensitivity": 0.6923076923076923,
      "specificity": 0.9302325581395349,
      "ppv": 0.6,
      "npv": 0.9523809523809523,
      "support": 13
    },
    "acne vulgaris": {
      "sensitivity": 0.875,
      "specificity": 0.989010989010989,
      "ppv": 0.875,
      "npv": 0.989010989010989,
      "support": 8
    }
  },
  "overall_score": 0.7137467740966124
}