{
  "method": "M0",
  "group_mode": "4group",
  "top_n": 10,
  "total_samples": 101,
  "successful_predictions": 101,
  "valid_predictions": 100,
  "num_diseases": 10,
  "accuracy": 0.61,
  "balanced_accuracy": 0.5937576312576313,
  "precision_macro": 0.6139224664224664,
  "recall_macro": 0.5937576312576313,
  "f1_macro": 0.5968207959512308,
  "precision_micro": 0.61,
  "recall_micro": 0.61,
  "f1_micro": 0.61,
  "precision_weighted": 0.6403855311355312,
  "recall_weighted": 0.61,
  "f1_weighted": 0.6193600184034966,
  "matthews_corrcoef": 0.5664875755540631,
  "cohen_kappa": 0.5647807164378975,
  "confusion_matrix": [
    [
      6,
      1,
      2,
      0,
      2,
      1,
      0,
      1,
      0,
      0
    ],
    [
      1,
      3,
      0,
      0,
      1,
      3,
      0,
      0,
      1,
      0
    ],
    [
      2,
      1,
      4,
      1,
      0,
      1,
      0,
      0,
      0,
      0
    ],
    [
      1,
      0,
      0,
      4,
      0,
      3,
      0,
      0,
      0,
      0
    ],
    [
      0,
      2,
      1,
      1,
      3,
      0,
      0,
      0,
      0,
      0
    ],
    [
      0,
      2,
      0,
      0,
      1,
      4,
      0,
      0,
      0,
      0
    ],
    [
      0,
      0,
      0,
      0,
      0,
      0,
      11,
      0,
      1,
      0
    ],
    [
      0,
      0,
      1,
      0,
      0,
      0,
      0,
      10,
      3,
      0
    ],
    [
      0,
      0,
      0,
      0,
      1,
      1,
      0,
      2,
      9,
      0
    ],
    [
      0,
      0,
      1,
      0,
      0,
      0,
      0,
      0,
      0,
      7
    ]
  ],
  "per_disease_detailed": {
    "psoriasis": {
      "sensitivity": 0.46153846153846156,
      "specificity": 0.9540229885057471,
      "ppv": 0.6,
      "npv": 0.9222222222222223,
      "support": 13
    },
    "lupus erythematosus": {
      "sensitivity": 0.3333333333333333,
      "specificity": 0.9340659340659341,
      "ppv": 0.3333333333333333,
      "npv": 0.9340659340659341,
      "support": 9
    },
    "lichen planus": {
      "sensitivity": 0.4444444444444444,
      "specificity": 0.945054945054945,
      "ppv": 0.4444444444444444,
      "npv": 0.945054945054945,
      "support": 9
    },
    "scleroderma": {
      "sensitivity": 0.5,
      "specificity": 0.9782608695652174,
      "ppv": 0.6666666666666666,
      "npv": 0.9574468085106383,
      "support": 8
    },
    "photodermatoses": {
      "sensitivity": 0.42857142857142855,
      "specificity": 0.946236559139785,
      "ppv": 0.375,
      "npv": 0.9565217391304348,
      "support": 7
    },
    "sarcoidosis": {
      "sensitivity": 0.5714285714285714,
      "specificity": 0.9032258064516129,
      "ppv": 0.3076923076923077,
      "npv": 0.9655172413793104,
      "support": 7
    },
    "melanocytic nevi": {
      "sensitivity": 0.9166666666666666,
      "specificity": 1.0,
      "ppv": 1.0,
      "npv": 0.9887640449438202,
      "support": 12
    },
    "squamous cell carcinoma": {
      "sensitivity": 0.7142857142857143,
      "specificity": 0.9651162790697675,
      "ppv": 0.7692307692307693,
      "npv": 0.9540229885057471,
      "support": 14
    },
    "basal cell carcinoma": {
      "sensitivity": 0.6923076923076923,
      "specificity": 0.9425287356321839,
      "ppv": 0.6428571428571429,
      "npv": 0.9534883720930233,
      "support": 13
    },
    "acne vulgaris": {
      "sensitivity": 0.875,
      "specificity": 1.0,
      "ppv": 1.0,
      "npv": 0.989247311827957,
      "support": 8
    }
  },
  "overall_score": 0.6374465225923018
}