{
  "method": "M1",
  "rag_experiment": "R1",
  "prompt_variant": "P3",
  "group_mode": "4group",
  "top_n": 10,
  "total_samples": 99,
  "successful_predictions": 99,
  "valid_predictions": 91,
  "num_diseases": 10,
  "accuracy": 0.4945054945054945,
  "balanced_accuracy": 0.5014041514041514,
  "precision_macro": 0.5167907647907648,
  "recall_macro": 0.5014041514041514,
  "f1_macro": 0.4952208117968988,
  "precision_micro": 0.4945054945054945,
  "recall_micro": 0.4945054945054945,
  "f1_micro": 0.4945054945054945,
  "precision_weighted": 0.5219497962355105,
  "recall_weighted": 0.4945054945054945,
  "f1_weighted": 0.49550571860055853,
  "matthews_corrcoef": 0.44900967680870346,
  "cohen_kappa": 0.43600107787658304,
  "confusion_matrix": [
    [
      7,
      2,
      0,
      0,
      1,
      3,
      0,
      0,
      0,
      0
    ],
    [
      0,
      1,
      0,
      0,
      0,
      7,
      0,
      0,
      1,
      0
    ],
    [
      1,
      0,
      0,
      1,
      2,
      5,
      0,
      0,
      0,
      0
    ],
    [
      0,
      1,
      0,
      2,
      1,
      4,
      0,
      0,
      0,
      0
    ],
    [
      1,
      1,
      0,
      1,
      2,
      3,
      0,
      0,
      0,
      0
    ],
    [
      0,
      2,
      1,
      1,
      0,
      3,
      0,
      0,
      0,
      0
    ],
    [
      0,
      0,
      0,
      0,
      0,
      0,
      4,
      0,
      0,
      0
    ],
    [
      0,
      0,
      0,
      0,
      0,
      0,
      0,
      8,
      4,
      0
    ],
    [
      0,
      0,
      0,
      0,
      0,
      0,
      0,
      3,
      10,
      0
    ],
    [
      0,
      0,
      0,
      0,
      0,
      0,
      0,
      0,
      0,
      8
    ]
  ],
  "per_disease_detailed": {
    "psoriasis": {
      "sensitivity": 0.5384615384615384,
      "specificity": 0.9743589743589743,
      "ppv": 0.7777777777777778,
      "npv": 0.926829268292683,
      "support": 13
    },
    "lupus erythematosus": {
      "sensitivity": 0.1111111111111111,
      "specificity": 0.926829268292683,
      "ppv": 0.14285714285714285,
      "npv": 0.9047619047619048,
      "support": 9
    },
    "lichen planus": {
      "sensitivity": 0.0,
      "specificity": 0.9878048780487805,
      "ppv": 0.0,
      "npv": 0.9,
      "support": 9
    },
    "scleroderma": {
      "sensitivity": 0.25,
      "specificity": 0.963855421686747,
      "ppv": 0.4,
      "npv": 0.9302325581395349,
      "support": 8
    },
    "photodermatoses": {
      "sensitivity": 0.25,
      "specificity": 0.9518072289156626,
      "ppv": 0.3333333333333333,
      "npv": 0.9294117647058824,
      "support": 8
    },
    "sarcoidosis": {
      "sensitivity": 0.42857142857142855,
      "specificity": 0.7380952380952381,
      "ppv": 0.12,
      "npv": 0.9393939393939394,
      "support": 7
    },
    "melanocytic nevi": {
      "sensitivity": 1.0,
      "specificity": 1.0,
      "ppv": 1.0,
      "npv": 1.0,
      "support": 4
    },
    "squamous cell carcinoma in situ": {
      "sensitivity": 0.6666666666666666,
      "specificity": 0.9620253164556962,
      "ppv": 0.7272727272727273,
      "npv": 0.95,
      "support": 12
    },
    "basal cell carcinoma": {
      "sensitivity": 0.7692307692307693,
      "specificity": 0.9358974358974359,
      "ppv": 0.6666666666666666,
      "npv": 0.9605263157894737,
      "support": 13
    },
    "acne vulgaris": {
      "sensitivity": 1.0,
      "specificity": 1.0,
      "ppv": 1.0,
      "npv": 1.0,
      "support": 8
    }
  },
  "overall_score": 0.5420996898524186
}