{
  "method": "fuzzytopk",
  "group_mode": "4group",
  "top_n": 10,
  "total_samples": 101,
  "successful_predictions": 101,
  "valid_predictions": 100,
  "num_diseases": 10,
  "accuracy": 0.74,
  "balanced_accuracy": 0.7004273504273504,
  "precision_macro": 0.7240873015873015,
  "recall_macro": 0.7004273504273504,
  "f1_macro": 0.7008840034869783,
  "precision_micro": 0.74,
  "recall_micro": 0.74,
  "f1_micro": 0.74,
  "precision_weighted": 0.7488888888888888,
  "recall_weighted": 0.74,
  "f1_weighted": 0.7339912553121936,
  "matthews_corrcoef": 0.7103733867122186,
  "cohen_kappa": 0.7082912599573656,
  "confusion_matrix": [
    [
      11,
      0,
      0,
      0,
      0,
      2,
      0,
      0,
      0,
      0
    ],
    [
      0,
      4,
      0,
      0,
      1,
      4,
      0,
      0,
      0,
      0
    ],
    [
      1,
      0,
      7,
      0,
      0,
      0,
      0,
      1,
      0,
      0
    ],
    [
      2,
      1,
      1,
      3,
      1,
      0,
      0,
      0,
      0,
      0
    ],
    [
      0,
      1,
      1,
      1,
      4,
      0,
      0,
      0,
      0,
      0
    ],
    [
      1,
      0,
      0,
      0,
      1,
      3,
      0,
      0,
      1,
      1
    ],
    [
      0,
      0,
      0,
      0,
      0,
      0,
      11,
      0,
      1,
      0
    ],
    [
      0,
      0,
      0,
      0,
      0,
      0,
      0,
      14,
      0,
      0
    ],
    [
      0,
      0,
      0,
      0,
      0,
      0,
      0,
      3,
      10,
      0
    ],
    [
      0,
      0,
      1,
      0,
      0,
      0,
      0,
      0,
      0,
      7
    ]
  ],
  "per_disease_detailed": {
    "psoriasis": {
      "sensitivity": 0.8461538461538461,
      "specificity": 0.9540229885057471,
      "ppv": 0.7333333333333333,
      "npv": 0.9764705882352941,
      "support": 13
    },
    "lupus erythematosus": {
      "sensitivity": 0.4444444444444444,
      "specificity": 0.978021978021978,
      "ppv": 0.6666666666666666,
      "npv": 0.9468085106382979,
      "support": 9
    },
    "lichen planus": {
      "sensitivity": 0.7777777777777778,
      "specificity": 0.967032967032967,
      "ppv": 0.7,
      "npv": 0.9777777777777777,
      "support": 9
    },
    "scleroderma": {
      "sensitivity": 0.375,
      "specificity": 0.9891304347826086,
      "ppv": 0.75,
      "npv": 0.9479166666666666,
      "support": 8
    },
    "photodermatoses": {
      "sensitivity": 0.5714285714285714,
      "specificity": 0.967741935483871,
      "ppv": 0.5714285714285714,
      "npv": 0.967741935483871,
      "support": 7
    },
    "sarcoidosis": {
      "sensitivity": 0.42857142857142855,
      "specificity": 0.9354838709677419,
      "ppv": 0.3333333333333333,
      "npv": 0.9560439560439561,
      "support": 7
    },
    "melanocytic nevi": {
      "sensitivity": 0.9166666666666666,
      "specificity": 1.0,
      "ppv": 1.0,
      "npv": 0.9887640449438202,
      "support": 12
    },
    "squamous cell carcinoma": {
      "sensitivity": 1.0,
      "specificity": 0.9534883720930233,
      "ppv": 0.7777777777777778,
      "npv": 1.0,
      "support": 14
    },
    "basal cell carcinoma": {
      "sensitivity": 0.7692307692307693,
      "specificity": 0.9770114942528736,
      "ppv": 0.8333333333333334,
      "npv": 0.9659090909090909,
      "support": 13
    },
    "acne vulgaris": {
      "sensitivity": 0.875,
      "specificity": 0.9891304347826086,
      "ppv": 0.875,
      "npv": 0.9891304347826086,
      "support": 8
    }
  },
  "overall_score": 0.7433880098027854
}