{
  "method": "M2",
  "group_mode": "4group",
  "top_n": 10,
  "total_samples": 101,
  "successful_predictions": 101,
  "valid_predictions": 101,
  "num_diseases": 10,
  "accuracy": 0.5742574257425742,
  "balanced_accuracy": 0.5615079365079365,
  "precision_macro": 0.569978354978355,
  "recall_macro": 0.5615079365079365,
  "f1_macro": 0.5577898032480075,
  "precision_micro": 0.5742574257425742,
  "recall_micro": 0.5742574257425742,
  "f1_micro": 0.5742574257425742,
  "precision_weighted": 0.5898943465775149,
  "recall_weighted": 0.5742574257425742,
  "f1_weighted": 0.5753103833841351,
  "matthews_corrcoef": 0.5261832797009944,
  "cohen_kappa": 0.5246278458844134,
  "confusion_matrix": [
    [
      5,
      1,
      1,
      1,
      2,
      1,
      0,
      1,
      0,
      1
    ],
    [
      1,
      3,
      0,
      0,
      1,
      4,
      0,
      0,
      0,
      0
    ],
    [
      2,
      0,
      5,
      0,
      0,
      1,
      0,
      1,
      0,
      0
    ],
    [
      2,
      0,
      1,
      3,
      0,
      2,
      0,
      0,
      0,
      0
    ],
    [
      1,
      2,
      1,
      1,
      3,
      0,
      0,
      0,
      0,
      0
    ],
    [
      0,
      2,
      0,
      0,
      1,
      3,
      0,
      0,
      0,
      1
    ],
    [
      0,
      0,
      0,
      0,
      0,
      0,
      10,
      1,
      1,
      0
    ],
    [
      0,
      0,
      1,
      0,
      0,
      0,
      0,
      10,
      3,
      0
    ],
    [
      0,
      0,
      1,
      0,
      0,
      1,
      0,
      3,
      8,
      0
    ],
    [
      0,
      0,
      0,
      0,
      0,
      0,
      0,
      0,
      0,
      8
    ]
  ],
  "per_disease_detailed": {
    "psoriasis": {
      "sensitivity": 0.38461538461538464,
      "specificity": 0.9318181818181818,
      "ppv": 0.45454545454545453,
      "npv": 0.9111111111111111,
      "support": 13
    },
    "lupus erythematosus": {
      "sensitivity": 0.3333333333333333,
      "specificity": 0.9456521739130435,
      "ppv": 0.375,
      "npv": 0.9354838709677419,
      "support": 9
    },
    "lichen planus": {
      "sensitivity": 0.5555555555555556,
      "specificity": 0.9456521739130435,
      "ppv": 0.5,
      "npv": 0.9560439560439561,
      "support": 9
    },
    "scleroderma": {
      "sensitivity": 0.375,
      "specificity": 0.978494623655914,
      "ppv": 0.6,
      "npv": 0.9479166666666666,
      "support": 8
    },
    "photodermatoses": {
      "sensitivity": 0.375,
      "specificity": 0.956989247311828,
      "ppv": 0.42857142857142855,
      "npv": 0.9468085106382979,
      "support": 8
    },
    "sarcoidosis": {
      "sensitivity": 0.42857142857142855,
      "specificity": 0.9042553191489362,
      "ppv": 0.25,
      "npv": 0.9550561797752809,
      "support": 7
    },
    "melanocytic nevi": {
      "sensitivity": 0.8333333333333334,
      "specificity": 1.0,
      "ppv": 1.0,
      "npv": 0.978021978021978,
      "support": 12
    },
    "squamous cell carcinoma": {
      "sensitivity": 0.7142857142857143,
      "specificity": 0.9310344827586207,
      "ppv": 0.625,
      "npv": 0.9529411764705882,
      "support": 14
    },
    "basal cell carcinoma": {
      "sensitivity": 0.6153846153846154,
      "specificity": 0.9545454545454546,
      "ppv": 0.6666666666666666,
      "npv": 0.9438202247191011,
      "support": 13
    },
    "acne vulgaris": {
      "sensitivity": 1.0,
      "specificity": 0.978494623655914,
      "ppv": 0.8,
      "npv": 1.0,
      "support": 8
    }
  },
  "overall_score": 0.6045340839688612
}