{
  "method": "fuzzytopk_s1cascade",
  "rag_experiment": "R1",
  "prompt_variant": "P0",
  "group_mode": "4group",
  "top_n": 10,
  "total_samples": 99,
  "successful_predictions": 99,
  "valid_predictions": 99,
  "num_diseases": 10,
  "accuracy": 0.7070707070707071,
  "balanced_accuracy": 0.6844932844932845,
  "precision_macro": 0.7054428904428904,
  "recall_macro": 0.6844932844932845,
  "f1_macro": 0.6847771230379927,
  "precision_micro": 0.7070707070707071,
  "recall_micro": 0.7070707070707071,
  "f1_micro": 0.7070707070707071,
  "precision_weighted": 0.7175200781261388,
  "recall_weighted": 0.7070707070707071,
  "f1_weighted": 0.7035482499250615,
  "matthews_corrcoef": 0.6737661037220476,
  "cohen_kappa": 0.6722228564904669,
  "confusion_matrix": [
    [
      9,
      1,
      0,
      0,
      1,
      0,
      0,
      1,
      1,
      0
    ],
    [
      0,
      6,
      0,
      1,
      1,
      0,
      0,
      0,
      1,
      0
    ],
    [
      1,
      0,
      8,
      0,
      0,
      0,
      0,
      0,
      0,
      0
    ],
    [
      1,
      1,
      1,
      3,
      1,
      1,
      0,
      0,
      0,
      0
    ],
    [
      2,
      1,
      0,
      0,
      3,
      1,
      0,
      0,
      0,
      1
    ],
    [
      0,
      2,
      0,
      0,
      0,
      4,
      0,
      0,
      1,
      0
    ],
    [
      0,
      0,
      0,
      0,
      0,
      0,
      11,
      0,
      1,
      0
    ],
    [
      0,
      0,
      0,
      0,
      0,
      0,
      0,
      11,
      1,
      0
    ],
    [
      0,
      0,
      0,
      0,
      0,
      1,
      0,
      3,
      9,
      0
    ],
    [
      0,
      0,
      0,
      0,
      0,
      2,
      0,
      0,
      0,
      6
    ]
  ],
  "per_disease_detailed": {
    "psoriasis": {
      "sensitivity": 0.6923076923076923,
      "specificity": 0.9534883720930233,
      "ppv": 0.6923076923076923,
      "npv": 0.9534883720930233,
      "support": 13
    },
    "lupus erythematosus": {
      "sensitivity": 0.6666666666666666,
      "specificity": 0.9444444444444444,
      "ppv": 0.5454545454545454,
      "npv": 0.9659090909090909,
      "support": 9
    },
    "lichen planus": {
      "sensitivity": 0.8888888888888888,
      "specificity": 0.9888888888888889,
      "ppv": 0.8888888888888888,
      "npv": 0.9888888888888889,
      "support": 9
    },
    "scleroderma": {
      "sensitivity": 0.375,
      "specificity": 0.989010989010989,
      "ppv": 0.75,
      "npv": 0.9473684210526315,
      "support": 8
    },
    "photodermatoses": {
      "sensitivity": 0.375,
      "specificity": 0.967032967032967,
      "ppv": 0.5,
      "npv": 0.946236559139785,
      "support": 8
    },
    "sarcoidosis": {
      "sensitivity": 0.5714285714285714,
      "specificity": 0.9456521739130435,
      "ppv": 0.4444444444444444,
      "npv": 0.9666666666666667,
      "support": 7
    },
    "melanocytic nevi": {
      "sensitivity": 0.9166666666666666,
      "specificity": 1.0,
      "ppv": 1.0,
      "npv": 0.9886363636363636,
      "support": 12
    },
    "squamous cell carcinoma in situ": {
      "sensitivity": 0.9166666666666666,
      "specificity": 0.9540229885057471,
      "ppv": 0.7333333333333333,
      "npv": 0.9880952380952381,
      "support": 12
    },
    "basal cell carcinoma": {
      "sensitivity": 0.6923076923076923,
      "specificity": 0.9418604651162791,
      "ppv": 0.6428571428571429,
      "npv": 0.9529411764705882,
      "support": 13
    },
    "acne vulgaris": {
      "sensitivity": 0.75,
      "specificity": 0.989010989010989,
      "ppv": 0.8571428571428571,
      "npv": 0.9782608695652174,
      "support": 8
    }
  },
  "overall_score": 0.7218296163034715
}