{
  "method": "M1",
  "rag_experiment": "R0",
  "prompt_variant": "P2",
  "group_mode": "4group",
  "top_n": 10,
  "total_samples": 99,
  "successful_predictions": 99,
  "valid_predictions": 93,
  "num_diseases": 10,
  "accuracy": 0.5376344086021505,
  "balanced_accuracy": 0.536523199023199,
  "precision_macro": 0.6035641025641026,
  "recall_macro": 0.536523199023199,
  "f1_macro": 0.5332537218692825,
  "precision_micro": 0.5376344086021505,
  "recall_micro": 0.5376344086021505,
  "f1_micro": 0.5376344086021505,
  "precision_weighted": 0.6134767025089605,
  "recall_weighted": 0.5376344086021505,
  "f1_weighted": 0.5431652839012402,
  "matthews_corrcoef": 0.4988733644750885,
  "cohen_kappa": 0.485129393588258,
  "confusion_matrix": [
    [
      8,
      2,
      0,
      0,
      0,
      3,
      0,
      0,
      0,
      0
    ],
    [
      0,
      3,
      0,
      0,
      1,
      5,
      0,
      0,
      0,
      0
    ],
    [
      1,
      0,
      1,
      1,
      1,
      5,
      0,
      0,
      0,
      0
    ],
    [
      0,
      1,
      0,
      2,
      1,
      4,
      0,
      0,
      0,
      0
    ],
    [
      1,
      2,
      0,
      0,
      1,
      4,
      0,
      0,
      0,
      0
    ],
    [
      0,
      2,
      1,
      0,
      0,
      4,
      0,
      0,
      0,
      0
    ],
    [
      0,
      0,
      0,
      0,
      0,
      0,
      6,
      0,
      0,
      0
    ],
    [
      0,
      0,
      0,
      0,
      0,
      0,
      0,
      8,
      4,
      0
    ],
    [
      0,
      0,
      0,
      0,
      0,
      0,
      0,
      4,
      9,
      0
    ],
    [
      0,
      0,
      0,
      0,
      0,
      0,
      0,
      0,
      0,
      8
    ]
  ],
  "per_disease_detailed": {
    "psoriasis": {
      "sensitivity": 0.6153846153846154,
      "specificity": 0.975,
      "ppv": 0.8,
      "npv": 0.9397590361445783,
      "support": 13
    },
    "lupus erythematosus": {
      "sensitivity": 0.3333333333333333,
      "specificity": 0.9166666666666666,
      "ppv": 0.3,
      "npv": 0.927710843373494,
      "support": 9
    },
    "lichen planus": {
      "sensitivity": 0.1111111111111111,
      "specificity": 0.9880952380952381,
      "ppv": 0.5,
      "npv": 0.9120879120879121,
      "support": 9
    },
    "scleroderma": {
      "sensitivity": 0.25,
      "specificity": 0.9882352941176471,
      "ppv": 0.6666666666666666,
      "npv": 0.9333333333333333,
      "support": 8
    },
    "photodermatoses": {
      "sensitivity": 0.125,
      "specificity": 0.9647058823529412,
      "ppv": 0.25,
      "npv": 0.9213483146067416,
      "support": 8
    },
    "sarcoidosis": {
      "sensitivity": 0.5714285714285714,
      "specificity": 0.7558139534883721,
      "ppv": 0.16,
      "npv": 0.9558823529411765,
      "support": 7
    },
    "melanocytic nevi": {
      "sensitivity": 1.0,
      "specificity": 1.0,
      "ppv": 1.0,
      "npv": 1.0,
      "support": 6
    },
    "squamous cell carcinoma in situ": {
      "sensitivity": 0.6666666666666666,
      "specificity": 0.9506172839506173,
      "ppv": 0.6666666666666666,
      "npv": 0.9506172839506173,
      "support": 12
    },
    "basal cell carcinoma": {
      "sensitivity": 0.6923076923076923,
      "specificity": 0.95,
      "ppv": 0.6923076923076923,
      "npv": 0.95,
      "support": 13
    },
    "acne vulgaris": {
      "sensitivity": 1.0,
      "specificity": 1.0,
      "ppv": 1.0,
      "npv": 1.0,
      "support": 8
    }
  },
  "overall_score": 0.5784584153935786
}