{
  "method": "qwen25",
  "rag_experiment": "R0",
  "prompt_variant": "P1",
  "group_mode": "4group",
  "top_n": 10,
  "total_samples": 99,
  "successful_predictions": 99,
  "valid_predictions": 42,
  "num_diseases": 10,
  "accuracy": 0.24242424242424243,
  "balanced_accuracy": 0.4517857142857143,
  "precision_macro": 0.39074675324675323,
  "recall_macro": 0.4517857142857143,
  "f1_macro": 0.4152777777777778,
  "precision_micro": 0.5714285714285714,
  "recall_micro": 0.5714285714285714,
  "f1_micro": 0.5714285714285714,
  "precision_weighted": 0.5009276437847866,
  "recall_weighted": 0.5714285714285714,
  "f1_weighted": 0.5291005291005291,
  "matthews_corrcoef": 0.4800689488324611,
  "cohen_kappa": 0.47353760445682447,
  "confusion_matrix": [
    [
      5,
      0,
      0,
      0,
      0,
      0,
      0,
      1,
      1,
      0
    ],
    [
      3,
      0,
      1,
      0,
      0,
      0,
      0,
      0,
      0,
      0
    ],
    [
      1,
      0,
      4,
      0,
      0,
      0,
      0,
      0,
      0,
      0
    ],
    [
      0,
      0,
      1,
      0,
      0,
      0,
      0,
      0,
      0,
      0
    ],
    [
      1,
      0,
      0,
      0,
      0,
      0,
      0,
      0,
      0,
      0
    ],
    [
      0,
      0,
      0,
      0,
      0,
      0,
      0,
      0,
      0,
      0
    ],
    [
      0,
      0,
      0,
      0,
      0,
      0,
      0,
      0,
      0,
      0
    ],
    [
      1,
      0,
      1,
      0,
      0,
      0,
      0,
      5,
      3,
      0
    ],
    [
      0,
      0,
      0,
      0,
      0,
      0,
      0,
      4,
      6,
      0
    ],
    [
      0,
      0,
      0,
      0,
      0,
      0,
      0,
      0,
      0,
      4
    ]
  ],
  "per_disease_detailed": {
    "psoriasis": {
      "sensitivity": 0.38461538461538464,
      "specificity": 0.9302325581395349,
      "ppv": 0.45454545454545453,
      "npv": 0.9090909090909091,
      "support": 13
    },
    "lupus erythematosus": {
      "sensitivity": 0.0,
      "specificity": 1.0,
      "ppv": 0,
      "npv": 0.9090909090909091,
      "support": 9
    },
    "lichen planus": {
      "sensitivity": 0.4444444444444444,
      "specificity": 0.9666666666666667,
      "ppv": 0.5714285714285714,
      "npv": 0.9456521739130435,
      "support": 9
    },
    "scleroderma": {
      "sensitivity": 0.0,
      "specificity": 1.0,
      "ppv": 0,
      "npv": 0.9191919191919192,
      "support": 8
    },
    "photodermatoses": {
      "sensitivity": 0.0,
      "specificity": 1.0,
      "ppv": 0,
      "npv": 0.9191919191919192,
      "support": 8
    },
    "sarcoidosis": {
      "sensitivity": 0.0,
      "specificity": 1.0,
      "ppv": 0,
      "npv": 0.9292929292929293,
      "support": 7
    },
    "melanocytic nevi": {
      "sensitivity": 0.0,
      "specificity": 1.0,
      "ppv": 0,
      "npv": 0.8787878787878788,
      "support": 12
    },
    "squamous cell carcinoma in situ": {
      "sensitivity": 0.4166666666666667,
      "specificity": 0.9425287356321839,
      "ppv": 0.5,
      "npv": 0.9213483146067416,
      "support": 12
    },
    "basal cell carcinoma": {
      "sensitivity": 0.46153846153846156,
      "specificity": 0.9534883720930233,
      "ppv": 0.6,
      "npv": 0.9213483146067416,
      "support": 13
    },
    "acne vulgaris": {
      "sensitivity": 0.5,
      "specificity": 1.0,
      "ppv": 1.0,
      "npv": 0.9578947368421052,
      "support": 8
    }
  },
  "overall_score": 0.4356746438009951
}