{
  "method": "fuzzytopk",
  "rag_experiment": "R1",
  "prompt_variant": "P0",
  "group_mode": "4group",
  "top_n": 10,
  "total_samples": 99,
  "successful_predictions": 99,
  "valid_predictions": 98,
  "num_diseases": 10,
  "accuracy": 0.6326530612244898,
  "balanced_accuracy": 0.6139957264957265,
  "precision_macro": 0.6021681096681097,
  "recall_macro": 0.6139957264957265,
  "f1_macro": 0.5973713182242593,
  "precision_micro": 0.6326530612244898,
  "recall_micro": 0.6326530612244898,
  "f1_micro": 0.6326530612244898,
  "precision_weighted": 0.6321093588950731,
  "recall_weighted": 0.6326530612244898,
  "f1_weighted": 0.6208952368826318,
  "matthews_corrcoef": 0.5927355051014964,
  "cohen_kappa": 0.5897674418604653,
  "confusion_matrix": [
    [
      7,
      1,
      2,
      0,
      0,
      1,
      0,
      1,
      1,
      0
    ],
    [
      0,
      3,
      0,
      2,
      2,
      1,
      0,
      0,
      0,
      1
    ],
    [
      1,
      0,
      7,
      0,
      0,
      1,
      0,
      0,
      0,
      0
    ],
    [
      0,
      1,
      1,
      4,
      0,
      1,
      0,
      0,
      0,
      0
    ],
    [
      1,
      1,
      1,
      1,
      1,
      2,
      0,
      0,
      0,
      1
    ],
    [
      0,
      2,
      0,
      0,
      1,
      3,
      0,
      1,
      0,
      0
    ],
    [
      0,
      0,
      0,
      0,
      0,
      0,
      10,
      0,
      2,
      0
    ],
    [
      0,
      0,
      0,
      0,
      0,
      0,
      0,
      11,
      1,
      0
    ],
    [
      0,
      0,
      0,
      0,
      0,
      0,
      0,
      5,
      8,
      0
    ],
    [
      0,
      0,
      0,
      0,
      0,
      0,
      0,
      0,
      0,
      8
    ]
  ],
  "per_disease_detailed": {
    "psoriasis": {
      "sensitivity": 0.5384615384615384,
      "specificity": 0.9764705882352941,
      "ppv": 0.7777777777777778,
      "npv": 0.9325842696629213,
      "support": 13
    },
    "lupus erythematosus": {
      "sensitivity": 0.3333333333333333,
      "specificity": 0.9438202247191011,
      "ppv": 0.375,
      "npv": 0.9333333333333333,
      "support": 9
    },
    "lichen planus": {
      "sensitivity": 0.7777777777777778,
      "specificity": 0.9550561797752809,
      "ppv": 0.6363636363636364,
      "npv": 0.9770114942528736,
      "support": 9
    },
    "scleroderma": {
      "sensitivity": 0.5714285714285714,
      "specificity": 0.967032967032967,
      "ppv": 0.5714285714285714,
      "npv": 0.967032967032967,
      "support": 7
    },
    "photodermatoses": {
      "sensitivity": 0.125,
      "specificity": 0.9666666666666667,
      "ppv": 0.25,
      "npv": 0.925531914893617,
      "support": 8
    },
    "sarcoidosis": {
      "sensitivity": 0.42857142857142855,
      "specificity": 0.9340659340659341,
      "ppv": 0.3333333333333333,
      "npv": 0.9550561797752809,
      "support": 7
    },
    "melanocytic nevi": {
      "sensitivity": 0.8333333333333334,
      "specificity": 1.0,
      "ppv": 1.0,
      "npv": 0.9772727272727273,
      "support": 12
    },
    "squamous cell carcinoma in situ": {
      "sensitivity": 0.9166666666666666,
      "specificity": 0.9186046511627907,
      "ppv": 0.6111111111111112,
      "npv": 0.9875,
      "support": 12
    },
    "basal cell carcinoma": {
      "sensitivity": 0.6153846153846154,
      "specificity": 0.9529411764705882,
      "ppv": 0.6666666666666666,
      "npv": 0.9418604651162791,
      "support": 13
    },
    "acne vulgaris": {
      "sensitivity": 1.0,
      "specificity": 0.9777777777777777,
      "ppv": 0.8,
      "npv": 1.0,
      "support": 8
    }
  },
  "overall_score": 0.6510800096439197
}