{
  "method": "M1",
  "rag_experiment": "R1",
  "prompt_variant": "P2",
  "group_mode": "4group",
  "top_n": 10,
  "total_samples": 99,
  "successful_predictions": 99,
  "valid_predictions": 93,
  "num_diseases": 10,
  "accuracy": 0.5268817204301075,
  "balanced_accuracy": 0.5256562881562881,
  "precision_macro": 0.5850520252694167,
  "recall_macro": 0.5256562881562881,
  "f1_macro": 0.5258108558108557,
  "precision_micro": 0.5268817204301075,
  "recall_micro": 0.5268817204301075,
  "f1_micro": 0.5268817204301075,
  "precision_weighted": 0.5970339203158278,
  "recall_weighted": 0.5268817204301075,
  "f1_weighted": 0.534813573523251,
  "matthews_corrcoef": 0.48459667512853993,
  "cohen_kappa": 0.4732234809474769,
  "confusion_matrix": [
    [
      7,
      3,
      0,
      0,
      0,
      3,
      0,
      0,
      0,
      0
    ],
    [
      0,
      4,
      0,
      0,
      0,
      5,
      0,
      0,
      0,
      0
    ],
    [
      1,
      0,
      1,
      1,
      2,
      4,
      0,
      0,
      0,
      0
    ],
    [
      0,
      1,
      0,
      2,
      1,
      4,
      0,
      0,
      0,
      0
    ],
    [
      1,
      2,
      0,
      0,
      1,
      4,
      0,
      0,
      0,
      0
    ],
    [
      0,
      2,
      1,
      1,
      0,
      3,
      0,
      0,
      0,
      0
    ],
    [
      0,
      0,
      0,
      0,
      0,
      0,
      6,
      0,
      0,
      0
    ],
    [
      0,
      0,
      0,
      0,
      0,
      0,
      0,
      8,
      4,
      0
    ],
    [
      0,
      0,
      0,
      0,
      0,
      0,
      0,
      4,
      9,
      0
    ],
    [
      0,
      0,
      0,
      0,
      0,
      0,
      0,
      0,
      0,
      8
    ]
  ],
  "per_disease_detailed": {
    "psoriasis": {
      "sensitivity": 0.5384615384615384,
      "specificity": 0.975,
      "ppv": 0.7777777777777778,
      "npv": 0.9285714285714286,
      "support": 13
    },
    "lupus erythematosus": {
      "sensitivity": 0.4444444444444444,
      "specificity": 0.9047619047619048,
      "ppv": 0.3333333333333333,
      "npv": 0.9382716049382716,
      "support": 9
    },
    "lichen planus": {
      "sensitivity": 0.1111111111111111,
      "specificity": 0.9880952380952381,
      "ppv": 0.5,
      "npv": 0.9120879120879121,
      "support": 9
    },
    "scleroderma": {
      "sensitivity": 0.25,
      "specificity": 0.9764705882352941,
      "ppv": 0.5,
      "npv": 0.9325842696629213,
      "support": 8
    },
    "photodermatoses": {
      "sensitivity": 0.125,
      "specificity": 0.9647058823529412,
      "ppv": 0.25,
      "npv": 0.9213483146067416,
      "support": 8
    },
    "sarcoidosis": {
      "sensitivity": 0.42857142857142855,
      "specificity": 0.7674418604651163,
      "ppv": 0.13043478260869565,
      "npv": 0.9428571428571428,
      "support": 7
    },
    "melanocytic nevi": {
      "sensitivity": 1.0,
      "specificity": 1.0,
      "ppv": 1.0,
      "npv": 1.0,
      "support": 6
    },
    "squamous cell carcinoma in situ": {
      "sensitivity": 0.6666666666666666,
      "specificity": 0.9506172839506173,
      "ppv": 0.6666666666666666,
      "npv": 0.9506172839506173,
      "support": 12
    },
    "basal cell carcinoma": {
      "sensitivity": 0.6923076923076923,
      "specificity": 0.95,
      "ppv": 0.6923076923076923,
      "npv": 0.95,
      "support": 13
    },
    "acne vulgaris": {
      "sensitivity": 1.0,
      "specificity": 1.0,
      "ppv": 1.0,
      "npv": 1.0,
      "support": 8
    }
  },
  "overall_score": 0.5693986980164005
}