{
  "method": "fuzzytopk_s1cascade_ragR2_a09",
  "rag_experiment": "R2",
  "prompt_variant": "P0",
  "group_mode": "4group",
  "top_n": 10,
  "total_samples": 99,
  "successful_predictions": 99,
  "valid_predictions": 99,
  "num_diseases": 10,
  "accuracy": 0.8282828282828283,
  "balanced_accuracy": 0.8011904761904762,
  "precision_macro": 0.8060515873015873,
  "recall_macro": 0.8011904761904762,
  "f1_macro": 0.8006927234769197,
  "precision_micro": 0.8282828282828283,
  "recall_micro": 0.8282828282828283,
  "f1_micro": 0.8282828282828283,
  "precision_weighted": 0.8294953503286837,
  "recall_weighted": 0.8282828282828283,
  "f1_weighted": 0.8255857415386385,
  "matthews_corrcoef": 0.8087964990383796,
  "cohen_kappa": 0.807964399817435,
  "confusion_matrix": [
    [
      13,
      0,
      0,
      0,
      0,
      0,
      0,
      0,
      0,
      0
    ],
    [
      0,
      5,
      1,
      0,
      1,
      2,
      0,
      0,
      0,
      0
    ],
    [
      1,
      1,
      7,
      0,
      0,
      0,
      0,
      0,
      0,
      0
    ],
    [
      0,
      1,
      0,
      6,
      0,
      1,
      0,
      0,
      0,
      0
    ],
    [
      0,
      0,
      0,
      1,
      6,
      0,
      0,
      0,
      0,
      1
    ],
    [
      0,
      2,
      0,
      1,
      1,
      3,
      0,
      0,
      0,
      0
    ],
    [
      0,
      0,
      0,
      0,
      0,
      0,
      11,
      0,
      1,
      0
    ],
    [
      0,
      0,
      0,
      0,
      0,
      0,
      0,
      10,
      2,
      0
    ],
    [
      0,
      0,
      0,
      0,
      0,
      0,
      0,
      0,
      13,
      0
    ],
    [
      0,
      0,
      0,
      0,
      0,
      0,
      0,
      0,
      0,
      8
    ]
  ],
  "per_disease_detailed": {
    "psoriasis": {
      "sensitivity": 1.0,
      "specificity": 0.9883720930232558,
      "ppv": 0.9285714285714286,
      "npv": 1.0,
      "support": 13
    },
    "lupus erythematosus": {
      "sensitivity": 0.5555555555555556,
      "specificity": 0.9555555555555556,
      "ppv": 0.5555555555555556,
      "npv": 0.9555555555555556,
      "support": 9
    },
    "lichen planus": {
      "sensitivity": 0.7777777777777778,
      "specificity": 0.9888888888888889,
      "ppv": 0.875,
      "npv": 0.978021978021978,
      "support": 9
    },
    "scleroderma": {
      "sensitivity": 0.75,
      "specificity": 0.978021978021978,
      "ppv": 0.75,
      "npv": 0.978021978021978,
      "support": 8
    },
    "photodermatoses": {
      "sensitivity": 0.75,
      "specificity": 0.978021978021978,
      "ppv": 0.75,
      "npv": 0.978021978021978,
      "support": 8
    },
    "sarcoidosis": {
      "sensitivity": 0.42857142857142855,
      "specificity": 0.967391304347826,
      "ppv": 0.5,
      "npv": 0.956989247311828,
      "support": 7
    },
    "melanocytic nevi": {
      "sensitivity": 0.9166666666666666,
      "specificity": 1.0,
      "ppv": 1.0,
      "npv": 0.9886363636363636,
      "support": 12
    },
    "squamous cell carcinoma in situ": {
      "sensitivity": 0.8333333333333334,
      "specificity": 1.0,
      "ppv": 1.0,
      "npv": 0.9775280898876404,
      "support": 12
    },
    "basal cell carcinoma": {
      "sensitivity": 1.0,
      "specificity": 0.9651162790697675,
      "ppv": 0.8125,
      "npv": 1.0,
      "support": 13
    },
    "acne vulgaris": {
      "sensitivity": 1.0,
      "specificity": 0.989010989010989,
      "ppv": 0.8888888888888888,
      "npv": 1.0,
      "support": 8
    }
  },
  "overall_score": 0.8298104106698576
}