{
  "method": "fuzzytopk",
  "rag_experiment": "R2",
  "prompt_variant": "P3",
  "group_mode": "4group",
  "top_n": 10,
  "total_samples": 99,
  "successful_predictions": 99,
  "valid_predictions": 99,
  "num_diseases": 10,
  "accuracy": 0.6363636363636364,
  "balanced_accuracy": 0.6116147741147742,
  "precision_macro": 0.6550829725829725,
  "recall_macro": 0.6116147741147742,
  "f1_macro": 0.6106616161616161,
  "precision_micro": 0.6363636363636364,
  "recall_micro": 0.6363636363636364,
  "f1_micro": 0.6363636363636364,
  "precision_weighted": 0.6854803445712536,
  "recall_weighted": 0.6363636363636364,
  "f1_weighted": 0.6372655851443729,
  "matthews_corrcoef": 0.5995321248556708,
  "cohen_kappa": 0.5944008193922841,
  "confusion_matrix": [
    [
      6,
      0,
      2,
      1,
      0,
      2,
      0,
      2,
      0,
      0
    ],
    [
      0,
      4,
      0,
      0,
      1,
      3,
      0,
      0,
      1,
      0
    ],
    [
      0,
      0,
      6,
      1,
      0,
      1,
      0,
      0,
      1,
      0
    ],
    [
      0,
      0,
      1,
      6,
      0,
      1,
      0,
      0,
      0,
      0
    ],
    [
      0,
      2,
      0,
      1,
      2,
      2,
      0,
      0,
      0,
      1
    ],
    [
      1,
      3,
      0,
      1,
      0,
      1,
      0,
      1,
      0,
      0
    ],
    [
      0,
      0,
      0,
      0,
      0,
      0,
      10,
      1,
      1,
      0
    ],
    [
      0,
      0,
      0,
      0,
      0,
      0,
      0,
      12,
      0,
      0
    ],
    [
      0,
      0,
      0,
      0,
      0,
      1,
      0,
      3,
      9,
      0
    ],
    [
      0,
      0,
      0,
      0,
      0,
      0,
      0,
      1,
      0,
      7
    ]
  ],
  "per_disease_detailed": {
    "psoriasis": {
      "sensitivity": 0.46153846153846156,
      "specificity": 0.9883720930232558,
      "ppv": 0.8571428571428571,
      "npv": 0.9239130434782609,
      "support": 13
    },
    "lupus erythematosus": {
      "sensitivity": 0.4444444444444444,
      "specificity": 0.9444444444444444,
      "ppv": 0.4444444444444444,
      "npv": 0.9444444444444444,
      "support": 9
    },
    "lichen planus": {
      "sensitivity": 0.6666666666666666,
      "specificity": 0.9666666666666667,
      "ppv": 0.6666666666666666,
      "npv": 0.9666666666666667,
      "support": 9
    },
    "scleroderma": {
      "sensitivity": 0.75,
      "specificity": 0.9560439560439561,
      "ppv": 0.6,
      "npv": 0.9775280898876404,
      "support": 8
    },
    "photodermatoses": {
      "sensitivity": 0.25,
      "specificity": 0.989010989010989,
      "ppv": 0.6666666666666666,
      "npv": 0.9375,
      "support": 8
    },
    "sarcoidosis": {
      "sensitivity": 0.14285714285714285,
      "specificity": 0.8913043478260869,
      "ppv": 0.09090909090909091,
      "npv": 0.9318181818181818,
      "support": 7
    },
    "melanocytic nevi": {
      "sensitivity": 0.8333333333333334,
      "specificity": 1.0,
      "ppv": 1.0,
      "npv": 0.9775280898876404,
      "support": 12
    },
    "squamous cell carcinoma in situ": {
      "sensitivity": 1.0,
      "specificity": 0.9080459770114943,
      "ppv": 0.6,
      "npv": 1.0,
      "support": 12
    },
    "basal cell carcinoma": {
      "sensitivity": 0.6923076923076923,
      "specificity": 0.9651162790697675,
      "ppv": 0.75,
      "npv": 0.9540229885057471,
      "support": 13
    },
    "acne vulgaris": {
      "sensitivity": 0.875,
      "specificity": 0.989010989010989,
      "ppv": 0.875,
      "npv": 0.989010989010989,
      "support": 8
    }
  },
  "overall_score": 0.6563837430660976
}