{
  "method": "fuzzytopk_s1cascade_stage3",
  "rag_experiment": "R0",
  "prompt_variant": "P0",
  "group_mode": "4group",
  "top_n": 10,
  "total_samples": 99,
  "successful_predictions": 99,
  "valid_predictions": 78,
  "num_diseases": 10,
  "accuracy": 0.45454545454545453,
  "balanced_accuracy": 0.5459848484848485,
  "precision_macro": 0.5115422077922078,
  "recall_macro": 0.5459848484848485,
  "f1_macro": 0.5179746878508488,
  "precision_micro": 0.5769230769230769,
  "recall_micro": 0.5769230769230769,
  "f1_micro": 0.5769230769230769,
  "precision_weighted": 0.5208125208125208,
  "recall_weighted": 0.5769230769230769,
  "f1_weighted": 0.5375572298887374,
  "matthews_corrcoef": 0.525831359235306,
  "cohen_kappa": 0.5208488458674608,
  "confusion_matrix": [
    [
      9,
      0,
      0,
      0,
      0,
      0,
      0,
      1,
      1,
      0
    ],
    [
      1,
      4,
      0,
      0,
      0,
      0,
      0,
      0,
      2,
      1
    ],
    [
      0,
      1,
      5,
      0,
      0,
      1,
      1,
      0,
      0,
      0
    ],
    [
      1,
      0,
      0,
      4,
      0,
      1,
      0,
      0,
      0,
      0
    ],
    [
      1,
      2,
      1,
      0,
      0,
      0,
      0,
      0,
      0,
      1
    ],
    [
      1,
      3,
      1,
      0,
      0,
      0,
      0,
      0,
      0,
      1
    ],
    [
      0,
      0,
      0,
      0,
      0,
      0,
      4,
      0,
      1,
      0
    ],
    [
      2,
      0,
      0,
      0,
      0,
      0,
      0,
      9,
      1,
      0
    ],
    [
      0,
      1,
      0,
      0,
      0,
      0,
      0,
      6,
      3,
      0
    ],
    [
      0,
      0,
      0,
      0,
      0,
      0,
      0,
      0,
      0,
      7
    ]
  ],
  "per_disease_detailed": {
    "psoriasis": {
      "sensitivity": 0.6923076923076923,
      "specificity": 0.9302325581395349,
      "ppv": 0.6,
      "npv": 0.9523809523809523,
      "support": 13
    },
    "lupus erythematosus": {
      "sensitivity": 0.4444444444444444,
      "specificity": 0.9222222222222223,
      "ppv": 0.36363636363636365,
      "npv": 0.9431818181818182,
      "support": 9
    },
    "lichen planus": {
      "sensitivity": 0.5555555555555556,
      "specificity": 0.9777777777777777,
      "ppv": 0.7142857142857143,
      "npv": 0.9565217391304348,
      "support": 9
    },
    "scleroderma": {
      "sensitivity": 0.5,
      "specificity": 1.0,
      "ppv": 1.0,
      "npv": 0.9578947368421052,
      "support": 8
    },
    "photodermatoses": {
      "sensitivity": 0.0,
      "specificity": 1.0,
      "ppv": 0,
      "npv": 0.9191919191919192,
      "support": 8
    },
    "sarcoidosis": {
      "sensitivity": 0.0,
      "specificity": 0.9782608695652174,
      "ppv": 0.0,
      "npv": 0.9278350515463918,
      "support": 7
    },
    "melanocytic nevi": {
      "sensitivity": 0.3333333333333333,
      "specificity": 0.9885057471264368,
      "ppv": 0.8,
      "npv": 0.9148936170212766,
      "support": 12
    },
    "squamous cell carcinoma in situ": {
      "sensitivity": 0.75,
      "specificity": 0.9195402298850575,
      "ppv": 0.5625,
      "npv": 0.963855421686747,
      "support": 12
    },
    "basal cell carcinoma": {
      "sensitivity": 0.23076923076923078,
      "specificity": 0.9418604651162791,
      "ppv": 0.375,
      "npv": 0.8901098901098901,
      "support": 13
    },
    "acne vulgaris": {
      "sensitivity": 0.875,
      "specificity": 0.967032967032967,
      "ppv": 0.7,
      "npv": 0.9887640449438202,
      "support": 8
    }
  },
  "overall_score": 0.5535361483393912
}