{
  "method": "fuzzytopk",
  "rag_experiment": "R4",
  "prompt_variant": "P2",
  "group_mode": "4group",
  "top_n": 10,
  "total_samples": 99,
  "successful_predictions": 99,
  "valid_predictions": 99,
  "num_diseases": 10,
  "accuracy": 0.5151515151515151,
  "balanced_accuracy": 0.4954822954822955,
  "precision_macro": 0.5181715506715506,
  "recall_macro": 0.4954822954822955,
  "f1_macro": 0.4991438337490969,
  "precision_micro": 0.5151515151515151,
  "recall_micro": 0.5151515151515151,
  "f1_micro": 0.5151515151515151,
  "precision_weighted": 0.5287157287157287,
  "recall_weighted": 0.5151515151515151,
  "f1_weighted": 0.5144810335666263,
  "matthews_corrcoef": 0.4584237171724034,
  "cohen_kappa": 0.45679012345679015,
  "confusion_matrix": [
    [
      5,
      0,
      5,
      1,
      0,
      0,
      0,
      2,
      0,
      0
    ],
    [
      1,
      4,
      0,
      0,
      1,
      2,
      0,
      1,
      0,
      0
    ],
    [
      3,
      0,
      4,
      1,
      0,
      0,
      0,
      1,
      0,
      0
    ],
    [
      1,
      1,
      0,
      3,
      1,
      2,
      0,
      0,
      0,
      0
    ],
    [
      1,
      3,
      1,
      0,
      2,
      1,
      0,
      0,
      0,
      0
    ],
    [
      1,
      2,
      0,
      0,
      1,
      1,
      0,
      0,
      1,
      1
    ],
    [
      0,
      0,
      0,
      0,
      0,
      0,
      10,
      0,
      2,
      0
    ],
    [
      2,
      0,
      0,
      0,
      0,
      0,
      0,
      8,
      2,
      0
    ],
    [
      0,
      0,
      0,
      0,
      0,
      0,
      0,
      6,
      7,
      0
    ],
    [
      0,
      0,
      0,
      0,
      0,
      0,
      0,
      0,
      1,
      7
    ]
  ],
  "per_disease_detailed": {
    "psoriasis": {
      "sensitivity": 0.38461538461538464,
      "specificity": 0.8953488372093024,
      "ppv": 0.35714285714285715,
      "npv": 0.9058823529411765,
      "support": 13
    },
    "lupus erythematosus": {
      "sensitivity": 0.4444444444444444,
      "specificity": 0.9333333333333333,
      "ppv": 0.4,
      "npv": 0.9438202247191011,
      "support": 9
    },
    "lichen planus": {
      "sensitivity": 0.4444444444444444,
      "specificity": 0.9333333333333333,
      "ppv": 0.4,
      "npv": 0.9438202247191011,
      "support": 9
    },
    "scleroderma": {
      "sensitivity": 0.375,
      "specificity": 0.978021978021978,
      "ppv": 0.6,
      "npv": 0.9468085106382979,
      "support": 8
    },
    "photodermatoses": {
      "sensitivity": 0.25,
      "specificity": 0.967032967032967,
      "ppv": 0.4,
      "npv": 0.9361702127659575,
      "support": 8
    },
    "sarcoidosis": {
      "sensitivity": 0.14285714285714285,
      "specificity": 0.9456521739130435,
      "ppv": 0.16666666666666666,
      "npv": 0.9354838709677419,
      "support": 7
    },
    "melanocytic nevi": {
      "sensitivity": 0.8333333333333334,
      "specificity": 1.0,
      "ppv": 1.0,
      "npv": 0.9775280898876404,
      "support": 12
    },
    "squamous cell carcinoma in situ": {
      "sensitivity": 0.6666666666666666,
      "specificity": 0.8850574712643678,
      "ppv": 0.4444444444444444,
      "npv": 0.9506172839506173,
      "support": 12
    },
    "basal cell carcinoma": {
      "sensitivity": 0.5384615384615384,
      "specificity": 0.9302325581395349,
      "ppv": 0.5384615384615384,
      "npv": 0.9302325581395349,
      "support": 13
    },
    "acne vulgaris": {
      "sensitivity": 0.875,
      "specificity": 0.989010989010989,
      "ppv": 0.875,
      "npv": 0.989010989010989,
      "support": 8
    }
  },
  "overall_score": 0.5492274354838831
}