{
  "method": "fuzzytopk_s1cascade",
  "rag_experiment": "R4",
  "prompt_variant": "P0",
  "group_mode": "4group",
  "top_n": 10,
  "total_samples": 99,
  "successful_predictions": 99,
  "valid_predictions": 99,
  "num_diseases": 10,
  "accuracy": 0.6767676767676768,
  "balanced_accuracy": 0.6344017094017094,
  "precision_macro": 0.6576169590643275,
  "recall_macro": 0.6344017094017094,
  "f1_macro": 0.6282394147071566,
  "precision_micro": 0.6767676767676768,
  "recall_micro": 0.6767676767676768,
  "f1_micro": 0.6767676767676768,
  "precision_weighted": 0.6706804891015418,
  "recall_weighted": 0.6767676767676768,
  "f1_weighted": 0.6551812345360731,
  "matthews_corrcoef": 0.6431956123922481,
  "cohen_kappa": 0.6359039190897597,
  "confusion_matrix": [
    [
      11,
      0,
      0,
      0,
      0,
      0,
      0,
      2,
      0,
      0
    ],
    [
      2,
      5,
      0,
      0,
      0,
      1,
      0,
      1,
      0,
      0
    ],
    [
      3,
      0,
      6,
      0,
      0,
      0,
      0,
      0,
      0,
      0
    ],
    [
      2,
      1,
      0,
      4,
      1,
      0,
      0,
      0,
      0,
      0
    ],
    [
      2,
      2,
      0,
      0,
      3,
      0,
      1,
      0,
      0,
      0
    ],
    [
      2,
      1,
      0,
      1,
      1,
      0,
      0,
      0,
      1,
      1
    ],
    [
      0,
      0,
      0,
      0,
      0,
      0,
      11,
      1,
      0,
      0
    ],
    [
      0,
      0,
      0,
      0,
      0,
      0,
      0,
      11,
      1,
      0
    ],
    [
      0,
      0,
      0,
      0,
      0,
      0,
      0,
      4,
      9,
      0
    ],
    [
      0,
      0,
      0,
      0,
      0,
      0,
      0,
      0,
      1,
      7
    ]
  ],
  "per_disease_detailed": {
    "psoriasis": {
      "sensitivity": 0.8461538461538461,
      "specificity": 0.872093023255814,
      "ppv": 0.5,
      "npv": 0.974025974025974,
      "support": 13
    },
    "lupus erythematosus": {
      "sensitivity": 0.5555555555555556,
      "specificity": 0.9555555555555556,
      "ppv": 0.5555555555555556,
      "npv": 0.9555555555555556,
      "support": 9
    },
    "lichen planus": {
      "sensitivity": 0.6666666666666666,
      "specificity": 1.0,
      "ppv": 1.0,
      "npv": 0.967741935483871,
      "support": 9
    },
    "scleroderma": {
      "sensitivity": 0.5,
      "specificity": 0.989010989010989,
      "ppv": 0.8,
      "npv": 0.9574468085106383,
      "support": 8
    },
    "photodermatoses": {
      "sensitivity": 0.375,
      "specificity": 0.978021978021978,
      "ppv": 0.6,
      "npv": 0.9468085106382979,
      "support": 8
    },
    "sarcoidosis": {
      "sensitivity": 0.0,
      "specificity": 0.9891304347826086,
      "ppv": 0.0,
      "npv": 0.9285714285714286,
      "support": 7
    },
    "melanocytic nevi": {
      "sensitivity": 0.9166666666666666,
      "specificity": 0.9885057471264368,
      "ppv": 0.9166666666666666,
      "npv": 0.9885057471264368,
      "support": 12
    },
    "squamous cell carcinoma in situ": {
      "sensitivity": 0.9166666666666666,
      "specificity": 0.9080459770114943,
      "ppv": 0.5789473684210527,
      "npv": 0.9875,
      "support": 12
    },
    "basal cell carcinoma": {
      "sensitivity": 0.6923076923076923,
      "specificity": 0.9651162790697675,
      "ppv": 0.75,
      "npv": 0.9540229885057471,
      "support": 13
    },
    "acne vulgaris": {
      "sensitivity": 0.875,
      "specificity": 0.989010989010989,
      "ppv": 0.875,
      "npv": 0.989010989010989,
      "support": 8
    }
  },
  "overall_score": 0.6827020305620166
}