{
  "method": "fuzzytopk_s1cascade",
  "rag_experiment": "R2",
  "prompt_variant": "P0",
  "group_mode": "4group",
  "top_n": 10,
  "total_samples": 99,
  "successful_predictions": 99,
  "valid_predictions": 99,
  "num_diseases": 10,
  "accuracy": 0.7474747474747475,
  "balanced_accuracy": 0.7203144078144077,
  "precision_macro": 0.761202686202686,
  "recall_macro": 0.7203144078144077,
  "f1_macro": 0.7273310505919202,
  "precision_micro": 0.7474747474747475,
  "recall_micro": 0.7474747474747475,
  "f1_micro": 0.7474747474747475,
  "precision_weighted": 0.767917267917268,
  "recall_weighted": 0.7474747474747475,
  "f1_weighted": 0.7453792584227366,
  "matthews_corrcoef": 0.7194448636443828,
  "cohen_kappa": 0.7170458442894707,
  "confusion_matrix": [
    [
      9,
      0,
      0,
      0,
      0,
      2,
      0,
      2,
      0,
      0
    ],
    [
      1,
      5,
      0,
      0,
      0,
      1,
      0,
      2,
      0,
      0
    ],
    [
      1,
      0,
      8,
      0,
      0,
      0,
      0,
      0,
      0,
      0
    ],
    [
      0,
      0,
      1,
      6,
      0,
      0,
      0,
      0,
      1,
      0
    ],
    [
      1,
      0,
      0,
      1,
      4,
      1,
      0,
      0,
      0,
      1
    ],
    [
      0,
      3,
      0,
      1,
      0,
      3,
      0,
      0,
      0,
      0
    ],
    [
      0,
      0,
      0,
      0,
      0,
      0,
      11,
      0,
      1,
      0
    ],
    [
      0,
      0,
      0,
      0,
      0,
      0,
      0,
      12,
      0,
      0
    ],
    [
      0,
      0,
      0,
      0,
      0,
      0,
      0,
      2,
      11,
      0
    ],
    [
      2,
      1,
      0,
      0,
      0,
      0,
      0,
      0,
      0,
      5
    ]
  ],
  "per_disease_detailed": {
    "psoriasis": {
      "sensitivity": 0.6923076923076923,
      "specificity": 0.9418604651162791,
      "ppv": 0.6428571428571429,
      "npv": 0.9529411764705882,
      "support": 13
    },
    "lupus erythematosus": {
      "sensitivity": 0.5555555555555556,
      "specificity": 0.9555555555555556,
      "ppv": 0.5555555555555556,
      "npv": 0.9555555555555556,
      "support": 9
    },
    "lichen planus": {
      "sensitivity": 0.8888888888888888,
      "specificity": 0.9888888888888889,
      "ppv": 0.8888888888888888,
      "npv": 0.9888888888888889,
      "support": 9
    },
    "scleroderma": {
      "sensitivity": 0.75,
      "specificity": 0.978021978021978,
      "ppv": 0.75,
      "npv": 0.978021978021978,
      "support": 8
    },
    "photodermatoses": {
      "sensitivity": 0.5,
      "specificity": 1.0,
      "ppv": 1.0,
      "npv": 0.9578947368421052,
      "support": 8
    },
    "sarcoidosis": {
      "sensitivity": 0.42857142857142855,
      "specificity": 0.9565217391304348,
      "ppv": 0.42857142857142855,
      "npv": 0.9565217391304348,
      "support": 7
    },
    "melanocytic nevi": {
      "sensitivity": 0.9166666666666666,
      "specificity": 1.0,
      "ppv": 1.0,
      "npv": 0.9886363636363636,
      "support": 12
    },
    "squamous cell carcinoma in situ": {
      "sensitivity": 1.0,
      "specificity": 0.9310344827586207,
      "ppv": 0.6666666666666666,
      "npv": 1.0,
      "support": 12
    },
    "basal cell carcinoma": {
      "sensitivity": 0.8461538461538461,
      "specificity": 0.9767441860465116,
      "ppv": 0.8461538461538461,
      "npv": 0.9767441860465116,
      "support": 13
    },
    "acne vulgaris": {
      "sensitivity": 0.625,
      "specificity": 0.989010989010989,
      "ppv": 0.8333333333333334,
      "npv": 0.967741935483871,
      "support": 8
    }
  },
  "overall_score": 0.7584491073473201
}