{
  "method": "fuzzytopk",
  "rag_experiment": "NoRAG",
  "prompt_variant": "P3",
  "group_mode": "4group",
  "top_n": 10,
  "total_samples": 99,
  "successful_predictions": 99,
  "valid_predictions": 98,
  "num_diseases": 10,
  "accuracy": 0.7171717171717171,
  "balanced_accuracy": 0.6858516483516484,
  "precision_macro": 0.7162499999999999,
  "recall_macro": 0.6858516483516484,
  "f1_macro": 0.6892806035062964,
  "precision_micro": 0.7244897959183674,
  "recall_micro": 0.7244897959183674,
  "f1_micro": 0.7244897959183674,
  "precision_weighted": 0.7350765306122449,
  "recall_weighted": 0.7244897959183674,
  "f1_weighted": 0.7192991202635872,
  "matthews_corrcoef": 0.6927058559058682,
  "cohen_kappa": 0.6909961462104404,
  "confusion_matrix": [
    [
      11,
      0,
      0,
      0,
      0,
      1,
      0,
      1,
      0,
      0
    ],
    [
      0,
      5,
      0,
      0,
      0,
      4,
      0,
      0,
      0,
      0
    ],
    [
      1,
      0,
      7,
      0,
      0,
      0,
      0,
      1,
      0,
      0
    ],
    [
      1,
      1,
      0,
      4,
      2,
      0,
      0,
      0,
      0,
      0
    ],
    [
      1,
      2,
      2,
      0,
      2,
      0,
      0,
      0,
      0,
      0
    ],
    [
      1,
      0,
      0,
      0,
      1,
      3,
      0,
      0,
      1,
      1
    ],
    [
      0,
      0,
      0,
      0,
      0,
      0,
      11,
      0,
      1,
      0
    ],
    [
      1,
      0,
      0,
      0,
      0,
      0,
      0,
      9,
      2,
      0
    ],
    [
      0,
      0,
      0,
      0,
      0,
      0,
      0,
      1,
      12,
      0
    ],
    [
      0,
      0,
      1,
      0,
      0,
      0,
      0,
      0,
      0,
      7
    ]
  ],
  "per_disease_detailed": {
    "psoriasis": {
      "sensitivity": 0.8461538461538461,
      "specificity": 0.9418604651162791,
      "ppv": 0.6875,
      "npv": 0.9759036144578314,
      "support": 13
    },
    "lupus erythematosus": {
      "sensitivity": 0.5555555555555556,
      "specificity": 0.9666666666666667,
      "ppv": 0.625,
      "npv": 0.9560439560439561,
      "support": 9
    },
    "lichen planus": {
      "sensitivity": 0.7777777777777778,
      "specificity": 0.9666666666666667,
      "ppv": 0.7,
      "npv": 0.9775280898876404,
      "support": 9
    },
    "scleroderma": {
      "sensitivity": 0.5,
      "specificity": 1.0,
      "ppv": 1.0,
      "npv": 0.9578947368421052,
      "support": 8
    },
    "photodermatoses": {
      "sensitivity": 0.25,
      "specificity": 0.967032967032967,
      "ppv": 0.4,
      "npv": 0.9361702127659575,
      "support": 8
    },
    "sarcoidosis": {
      "sensitivity": 0.42857142857142855,
      "specificity": 0.9456521739130435,
      "ppv": 0.375,
      "npv": 0.9560439560439561,
      "support": 7
    },
    "melanocytic nevi": {
      "sensitivity": 0.9166666666666666,
      "specificity": 1.0,
      "ppv": 1.0,
      "npv": 0.9886363636363636,
      "support": 12
    },
    "squamous cell carcinoma in situ": {
      "sensitivity": 0.75,
      "specificity": 0.9655172413793104,
      "ppv": 0.75,
      "npv": 0.9655172413793104,
      "support": 12
    },
    "basal cell carcinoma": {
      "sensitivity": 0.9230769230769231,
      "specificity": 0.9534883720930233,
      "ppv": 0.75,
      "npv": 0.9879518072289156,
      "support": 13
    },
    "acne vulgaris": {
      "sensitivity": 0.875,
      "specificity": 0.989010989010989,
      "ppv": 0.875,
      "npv": 0.989010989010989,
      "support": 8
    }
  },
  "overall_score": 0.7283766114643205
}