{
  "method": "fuzzytopk",
  "rag_experiment": "NoRAG",
  "prompt_variant": "P2",
  "group_mode": "4group",
  "top_n": 10,
  "total_samples": 99,
  "successful_predictions": 99,
  "valid_predictions": 96,
  "num_diseases": 10,
  "accuracy": 0.7070707070707071,
  "balanced_accuracy": 0.6995879120879122,
  "precision_macro": 0.7308730158730159,
  "recall_macro": 0.6995879120879122,
  "f1_macro": 0.7044836596461519,
  "precision_micro": 0.7291666666666666,
  "recall_micro": 0.7291666666666666,
  "f1_micro": 0.7291666666666666,
  "precision_weighted": 0.7463045634920635,
  "recall_weighted": 0.7291666666666666,
  "f1_weighted": 0.728158874515958,
  "matthews_corrcoef": 0.6979690884959255,
  "cohen_kappa": 0.6960915621575552,
  "confusion_matrix": [
    [
      10,
      0,
      0,
      1,
      0,
      1,
      0,
      1,
      0,
      0
    ],
    [
      0,
      5,
      0,
      0,
      0,
      4,
      0,
      0,
      0,
      0
    ],
    [
      1,
      0,
      7,
      0,
      0,
      0,
      0,
      1,
      0,
      0
    ],
    [
      2,
      0,
      0,
      3,
      2,
      1,
      0,
      0,
      0,
      0
    ],
    [
      1,
      1,
      1,
      0,
      3,
      0,
      0,
      0,
      0,
      0
    ],
    [
      1,
      0,
      0,
      0,
      1,
      4,
      0,
      0,
      1,
      0
    ],
    [
      0,
      0,
      0,
      0,
      0,
      0,
      11,
      0,
      1,
      0
    ],
    [
      0,
      1,
      0,
      0,
      0,
      0,
      0,
      9,
      2,
      0
    ],
    [
      0,
      0,
      0,
      0,
      0,
      0,
      0,
      1,
      12,
      0
    ],
    [
      0,
      0,
      1,
      0,
      0,
      0,
      0,
      0,
      0,
      6
    ]
  ],
  "per_disease_detailed": {
    "psoriasis": {
      "sensitivity": 0.7692307692307693,
      "specificity": 0.9418604651162791,
      "ppv": 0.6666666666666666,
      "npv": 0.9642857142857143,
      "support": 13
    },
    "lupus erythematosus": {
      "sensitivity": 0.5555555555555556,
      "specificity": 0.9777777777777777,
      "ppv": 0.7142857142857143,
      "npv": 0.9565217391304348,
      "support": 9
    },
    "lichen planus": {
      "sensitivity": 0.7777777777777778,
      "specificity": 0.9777777777777777,
      "ppv": 0.7777777777777778,
      "npv": 0.9777777777777777,
      "support": 9
    },
    "scleroderma": {
      "sensitivity": 0.375,
      "specificity": 0.989010989010989,
      "ppv": 0.75,
      "npv": 0.9473684210526315,
      "support": 8
    },
    "photodermatoses": {
      "sensitivity": 0.375,
      "specificity": 0.967032967032967,
      "ppv": 0.5,
      "npv": 0.946236559139785,
      "support": 8
    },
    "sarcoidosis": {
      "sensitivity": 0.5714285714285714,
      "specificity": 0.9347826086956522,
      "ppv": 0.4,
      "npv": 0.9662921348314607,
      "support": 7
    },
    "melanocytic nevi": {
      "sensitivity": 0.9166666666666666,
      "specificity": 1.0,
      "ppv": 1.0,
      "npv": 0.9886363636363636,
      "support": 12
    },
    "squamous cell carcinoma in situ": {
      "sensitivity": 0.75,
      "specificity": 0.9655172413793104,
      "ppv": 0.75,
      "npv": 0.9655172413793104,
      "support": 12
    },
    "basal cell carcinoma": {
      "sensitivity": 0.9230769230769231,
      "specificity": 0.9534883720930233,
      "ppv": 0.75,
      "npv": 0.9879518072289156,
      "support": 13
    },
    "acne vulgaris": {
      "sensitivity": 0.75,
      "specificity": 1.0,
      "ppv": 1.0,
      "npv": 0.978494623655914,
      "support": 8
    }
  },
  "overall_score": 0.7331808012822326
}