{
  "method": "fuzzytopk",
  "rag_experiment": "R4",
  "prompt_variant": "P1",
  "group_mode": "4group",
  "top_n": 10,
  "total_samples": 99,
  "successful_predictions": 99,
  "valid_predictions": 99,
  "num_diseases": 10,
  "accuracy": 0.5858585858585859,
  "balanced_accuracy": 0.5513583638583639,
  "precision_macro": 0.5951633986928104,
  "recall_macro": 0.5513583638583639,
  "f1_macro": 0.5540468028703323,
  "precision_micro": 0.5858585858585859,
  "recall_micro": 0.5858585858585859,
  "f1_micro": 0.5858585858585859,
  "precision_weighted": 0.605096718822209,
  "recall_weighted": 0.5858585858585859,
  "f1_weighted": 0.5767006414065237,
  "matthews_corrcoef": 0.538245747345092,
  "cohen_kappa": 0.5343047269389629,
  "confusion_matrix": [
    [
      9,
      0,
      1,
      1,
      0,
      0,
      0,
      2,
      0,
      0
    ],
    [
      3,
      4,
      0,
      0,
      0,
      1,
      0,
      0,
      1,
      0
    ],
    [
      4,
      0,
      3,
      1,
      0,
      0,
      0,
      0,
      1,
      0
    ],
    [
      1,
      1,
      0,
      3,
      1,
      2,
      0,
      0,
      0,
      0
    ],
    [
      1,
      3,
      0,
      0,
      3,
      1,
      0,
      0,
      0,
      0
    ],
    [
      1,
      1,
      0,
      0,
      1,
      1,
      0,
      0,
      1,
      2
    ],
    [
      0,
      0,
      0,
      0,
      0,
      0,
      10,
      0,
      2,
      0
    ],
    [
      1,
      0,
      0,
      0,
      0,
      0,
      0,
      9,
      2,
      0
    ],
    [
      0,
      0,
      0,
      0,
      0,
      0,
      0,
      4,
      9,
      0
    ],
    [
      0,
      0,
      0,
      0,
      0,
      0,
      0,
      0,
      1,
      7
    ]
  ],
  "per_disease_detailed": {
    "psoriasis": {
      "sensitivity": 0.6923076923076923,
      "specificity": 0.872093023255814,
      "ppv": 0.45,
      "npv": 0.9493670886075949,
      "support": 13
    },
    "lupus erythematosus": {
      "sensitivity": 0.4444444444444444,
      "specificity": 0.9444444444444444,
      "ppv": 0.4444444444444444,
      "npv": 0.9444444444444444,
      "support": 9
    },
    "lichen planus": {
      "sensitivity": 0.3333333333333333,
      "specificity": 0.9888888888888889,
      "ppv": 0.75,
      "npv": 0.9368421052631579,
      "support": 9
    },
    "scleroderma": {
      "sensitivity": 0.375,
      "specificity": 0.978021978021978,
      "ppv": 0.6,
      "npv": 0.9468085106382979,
      "support": 8
    },
    "photodermatoses": {
      "sensitivity": 0.375,
      "specificity": 0.978021978021978,
      "ppv": 0.6,
      "npv": 0.9468085106382979,
      "support": 8
    },
    "sarcoidosis": {
      "sensitivity": 0.14285714285714285,
      "specificity": 0.9565217391304348,
      "ppv": 0.2,
      "npv": 0.9361702127659575,
      "support": 7
    },
    "melanocytic nevi": {
      "sensitivity": 0.8333333333333334,
      "specificity": 1.0,
      "ppv": 1.0,
      "npv": 0.9775280898876404,
      "support": 12
    },
    "squamous cell carcinoma in situ": {
      "sensitivity": 0.75,
      "specificity": 0.9310344827586207,
      "ppv": 0.6,
      "npv": 0.9642857142857143,
      "support": 12
    },
    "basal cell carcinoma": {
      "sensitivity": 0.6923076923076923,
      "specificity": 0.9069767441860465,
      "ppv": 0.5294117647058824,
      "npv": 0.9512195121951219,
      "support": 13
    },
    "acne vulgaris": {
      "sensitivity": 0.875,
      "specificity": 0.978021978021978,
      "ppv": 0.7777777777777778,
      "npv": 0.9888888888888889,
      "support": 8
    }
  },
  "overall_score": 0.6060678641248574
}