{
  "method": "fuzzytopk_s1cascade",
  "rag_experiment": "R2",
  "prompt_variant": "P2",
  "group_mode": "4group",
  "top_n": 10,
  "total_samples": 99,
  "successful_predictions": 99,
  "valid_predictions": 99,
  "num_diseases": 10,
  "accuracy": 0.7373737373737373,
  "balanced_accuracy": 0.7026098901098901,
  "precision_macro": 0.7290406162464985,
  "recall_macro": 0.7026098901098901,
  "f1_macro": 0.7082101295413525,
  "precision_micro": 0.7373737373737373,
  "recall_micro": 0.7373737373737373,
  "f1_micro": 0.7373737373737373,
  "precision_weighted": 0.7412493280140339,
  "recall_weighted": 0.7373737373737373,
  "f1_weighted": 0.7318712794022609,
  "matthews_corrcoef": 0.7073344710994609,
  "cohen_kappa": 0.7054582904222451,
  "confusion_matrix": [
    [
      10,
      0,
      0,
      0,
      0,
      1,
      0,
      1,
      1,
      0
    ],
    [
      1,
      5,
      0,
      0,
      0,
      1,
      0,
      2,
      0,
      0
    ],
    [
      1,
      0,
      7,
      0,
      1,
      0,
      0,
      0,
      0,
      0
    ],
    [
      0,
      0,
      1,
      6,
      0,
      0,
      0,
      0,
      1,
      0
    ],
    [
      1,
      1,
      0,
      0,
      4,
      1,
      0,
      0,
      0,
      1
    ],
    [
      0,
      3,
      0,
      1,
      1,
      2,
      0,
      0,
      0,
      0
    ],
    [
      0,
      0,
      0,
      0,
      0,
      0,
      11,
      0,
      1,
      0
    ],
    [
      0,
      0,
      0,
      0,
      0,
      0,
      0,
      12,
      0,
      0
    ],
    [
      0,
      0,
      0,
      0,
      0,
      0,
      0,
      2,
      11,
      0
    ],
    [
      2,
      1,
      0,
      0,
      0,
      0,
      0,
      0,
      0,
      5
    ]
  ],
  "per_disease_detailed": {
    "psoriasis": {
      "sensitivity": 0.7692307692307693,
      "specificity": 0.9418604651162791,
      "ppv": 0.6666666666666666,
      "npv": 0.9642857142857143,
      "support": 13
    },
    "lupus erythematosus": {
      "sensitivity": 0.5555555555555556,
      "specificity": 0.9444444444444444,
      "ppv": 0.5,
      "npv": 0.9550561797752809,
      "support": 9
    },
    "lichen planus": {
      "sensitivity": 0.7777777777777778,
      "specificity": 0.9888888888888889,
      "ppv": 0.875,
      "npv": 0.978021978021978,
      "support": 9
    },
    "scleroderma": {
      "sensitivity": 0.75,
      "specificity": 0.989010989010989,
      "ppv": 0.8571428571428571,
      "npv": 0.9782608695652174,
      "support": 8
    },
    "photodermatoses": {
      "sensitivity": 0.5,
      "specificity": 0.978021978021978,
      "ppv": 0.6666666666666666,
      "npv": 0.956989247311828,
      "support": 8
    },
    "sarcoidosis": {
      "sensitivity": 0.2857142857142857,
      "specificity": 0.967391304347826,
      "ppv": 0.4,
      "npv": 0.9468085106382979,
      "support": 7
    },
    "melanocytic nevi": {
      "sensitivity": 0.9166666666666666,
      "specificity": 1.0,
      "ppv": 1.0,
      "npv": 0.9886363636363636,
      "support": 12
    },
    "squamous cell carcinoma in situ": {
      "sensitivity": 1.0,
      "specificity": 0.9425287356321839,
      "ppv": 0.7058823529411765,
      "npv": 1.0,
      "support": 12
    },
    "basal cell carcinoma": {
      "sensitivity": 0.8461538461538461,
      "specificity": 0.9651162790697675,
      "ppv": 0.7857142857142857,
      "npv": 0.9764705882352941,
      "support": 13
    },
    "acne vulgaris": {
      "sensitivity": 0.625,
      "specificity": 0.989010989010989,
      "ppv": 0.8333333333333334,
      "npv": 0.967741935483871,
      "support": 8
    }
  },
  "overall_score": 0.7449305852064511
}