{
  "method": "M1",
  "rag_experiment": "NoRAG",
  "prompt_variant": "P1",
  "group_mode": "4group",
  "top_n": 10,
  "total_samples": 99,
  "successful_predictions": 99,
  "valid_predictions": 96,
  "num_diseases": 10,
  "accuracy": 0.494949494949495,
  "balanced_accuracy": 0.5043650793650793,
  "precision_macro": 0.5579870129870129,
  "recall_macro": 0.5043650793650793,
  "f1_macro": 0.49379201351337576,
  "precision_micro": 0.5104166666666666,
  "recall_micro": 0.5104166666666666,
  "f1_micro": 0.5104166666666666,
  "precision_weighted": 0.5905235389610389,
  "recall_weighted": 0.5104166666666666,
  "f1_weighted": 0.5125765716290743,
  "matthews_corrcoef": 0.4750111430665955,
  "cohen_kappa": 0.45775748107198655,
  "confusion_matrix": [
    [
      3,
      2,
      1,
      0,
      2,
      5,
      0,
      0,
      0,
      0
    ],
    [
      0,
      3,
      0,
      0,
      1,
      5,
      0,
      0,
      0,
      0
    ],
    [
      1,
      0,
      2,
      2,
      0,
      4,
      0,
      0,
      0,
      0
    ],
    [
      0,
      1,
      0,
      2,
      0,
      5,
      0,
      0,
      0,
      0
    ],
    [
      0,
      3,
      0,
      0,
      0,
      5,
      0,
      0,
      0,
      0
    ],
    [
      0,
      2,
      1,
      0,
      0,
      4,
      0,
      0,
      0,
      0
    ],
    [
      0,
      0,
      0,
      0,
      0,
      0,
      9,
      0,
      0,
      0
    ],
    [
      0,
      0,
      0,
      0,
      0,
      0,
      0,
      8,
      4,
      0
    ],
    [
      0,
      0,
      0,
      0,
      0,
      0,
      1,
      2,
      10,
      0
    ],
    [
      0,
      0,
      0,
      0,
      0,
      0,
      0,
      0,
      0,
      8
    ]
  ],
  "per_disease_detailed": {
    "psoriasis": {
      "sensitivity": 0.23076923076923078,
      "specificity": 0.9883720930232558,
      "ppv": 0.75,
      "npv": 0.8947368421052632,
      "support": 13
    },
    "lupus erythematosus": {
      "sensitivity": 0.3333333333333333,
      "specificity": 0.9111111111111111,
      "ppv": 0.2727272727272727,
      "npv": 0.9318181818181818,
      "support": 9
    },
    "lichen planus": {
      "sensitivity": 0.2222222222222222,
      "specificity": 0.9777777777777777,
      "ppv": 0.5,
      "npv": 0.9263157894736842,
      "support": 9
    },
    "scleroderma": {
      "sensitivity": 0.25,
      "specificity": 0.978021978021978,
      "ppv": 0.5,
      "npv": 0.9368421052631579,
      "support": 8
    },
    "photodermatoses": {
      "sensitivity": 0.0,
      "specificity": 0.967032967032967,
      "ppv": 0.0,
      "npv": 0.9166666666666666,
      "support": 8
    },
    "sarcoidosis": {
      "sensitivity": 0.5714285714285714,
      "specificity": 0.7391304347826086,
      "ppv": 0.14285714285714285,
      "npv": 0.9577464788732394,
      "support": 7
    },
    "melanocytic nevi": {
      "sensitivity": 0.75,
      "specificity": 0.9885057471264368,
      "ppv": 0.9,
      "npv": 0.9662921348314607,
      "support": 12
    },
    "squamous cell carcinoma in situ": {
      "sensitivity": 0.6666666666666666,
      "specificity": 0.9770114942528736,
      "ppv": 0.8,
      "npv": 0.9550561797752809,
      "support": 12
    },
    "basal cell carcinoma": {
      "sensitivity": 0.7692307692307693,
      "specificity": 0.9534883720930233,
      "ppv": 0.7142857142857143,
      "npv": 0.9647058823529412,
      "support": 13
    },
    "acne vulgaris": {
      "sensitivity": 1.0,
      "specificity": 1.0,
      "ppv": 1.0,
      "npv": 1.0,
      "support": 8
    }
  },
  "overall_score": 0.5449965827185367
}