{
  "method": "M1",
  "rag_experiment": "NoRAG",
  "prompt_variant": "P0",
  "group_mode": "4group",
  "top_n": 10,
  "total_samples": 99,
  "successful_predictions": 99,
  "valid_predictions": 94,
  "num_diseases": 10,
  "accuracy": 0.4787234042553192,
  "balanced_accuracy": 0.47597680097680095,
  "precision_macro": 0.5220482295482296,
  "recall_macro": 0.47597680097680095,
  "f1_macro": 0.47062004835084614,
  "precision_micro": 0.4787234042553192,
  "recall_micro": 0.4787234042553192,
  "f1_micro": 0.4787234042553192,
  "precision_weighted": 0.542709388720027,
  "recall_weighted": 0.4787234042553192,
  "f1_weighted": 0.4829281566437233,
  "matthews_corrcoef": 0.4340875287644749,
  "cohen_kappa": 0.42201028987325884,
  "confusion_matrix": [
    [
      2,
      3,
      1,
      0,
      1,
      5,
      0,
      0,
      0,
      0
    ],
    [
      0,
      3,
      0,
      0,
      1,
      5,
      0,
      0,
      0,
      0
    ],
    [
      1,
      0,
      2,
      2,
      1,
      3,
      0,
      0,
      0,
      0
    ],
    [
      1,
      1,
      0,
      2,
      0,
      4,
      0,
      0,
      0,
      0
    ],
    [
      0,
      4,
      0,
      0,
      0,
      4,
      0,
      0,
      0,
      0
    ],
    [
      0,
      3,
      0,
      0,
      1,
      3,
      0,
      0,
      0,
      0
    ],
    [
      0,
      0,
      0,
      0,
      0,
      0,
      8,
      0,
      0,
      0
    ],
    [
      0,
      0,
      0,
      0,
      0,
      0,
      0,
      8,
      4,
      0
    ],
    [
      0,
      0,
      1,
      0,
      0,
      0,
      1,
      2,
      9,
      0
    ],
    [
      0,
      0,
      0,
      0,
      0,
      0,
      0,
      0,
      0,
      8
    ]
  ],
  "per_disease_detailed": {
    "psoriasis": {
      "sensitivity": 0.16666666666666666,
      "specificity": 0.975609756097561,
      "ppv": 0.5,
      "npv": 0.8888888888888888,
      "support": 12
    },
    "lupus erythematosus": {
      "sensitivity": 0.3333333333333333,
      "specificity": 0.8705882352941177,
      "ppv": 0.21428571428571427,
      "npv": 0.925,
      "support": 9
    },
    "lichen planus": {
      "sensitivity": 0.2222222222222222,
      "specificity": 0.9764705882352941,
      "ppv": 0.5,
      "npv": 0.9222222222222223,
      "support": 9
    },
    "scleroderma": {
      "sensitivity": 0.25,
      "specificity": 0.9767441860465116,
      "ppv": 0.5,
      "npv": 0.9333333333333333,
      "support": 8
    },
    "photodermatoses": {
      "sensitivity": 0.0,
      "specificity": 0.9534883720930233,
      "ppv": 0.0,
      "npv": 0.9111111111111111,
      "support": 8
    },
    "sarcoidosis": {
      "sensitivity": 0.42857142857142855,
      "specificity": 0.7586206896551724,
      "ppv": 0.125,
      "npv": 0.9428571428571428,
      "support": 7
    },
    "melanocytic nevi": {
      "sensitivity": 1.0,
      "specificity": 0.9883720930232558,
      "ppv": 0.8888888888888888,
      "npv": 1.0,
      "support": 8
    },
    "squamous cell carcinoma in situ": {
      "sensitivity": 0.6666666666666666,
      "specificity": 0.975609756097561,
      "ppv": 0.8,
      "npv": 0.9523809523809523,
      "support": 12
    },
    "basal cell carcinoma": {
      "sensitivity": 0.6923076923076923,
      "specificity": 0.9506172839506173,
      "ppv": 0.6923076923076923,
      "npv": 0.9506172839506173,
      "support": 13
    },
    "acne vulgaris": {
      "sensitivity": 1.0,
      "specificity": 1.0,
      "ppv": 1.0,
      "npv": 1.0,
      "support": 8
    }
  },
  "overall_score": 0.5234071488536572
}