{
  "method": "M1",
  "rag_experiment": "R4",
  "prompt_variant": "P3",
  "group_mode": "4group",
  "top_n": 10,
  "total_samples": 99,
  "successful_predictions": 99,
  "valid_predictions": 90,
  "num_diseases": 10,
  "accuracy": 0.5333333333333333,
  "balanced_accuracy": 0.5324175824175824,
  "precision_macro": 0.5761588738059327,
  "recall_macro": 0.5324175824175824,
  "f1_macro": 0.5303177432589197,
  "precision_micro": 0.5333333333333333,
  "recall_micro": 0.5333333333333333,
  "f1_micro": 0.5333333333333333,
  "precision_weighted": 0.5754393609295569,
  "recall_weighted": 0.5333333333333333,
  "f1_weighted": 0.5309122201932659,
  "matthews_corrcoef": 0.48539101619932323,
  "cohen_kappa": 0.4763092269326683,
  "confusion_matrix": [
    [
      9,
      0,
      1,
      0,
      0,
      3,
      0,
      0,
      0,
      0
    ],
    [
      0,
      2,
      0,
      0,
      2,
      4,
      0,
      0,
      1,
      0
    ],
    [
      1,
      0,
      1,
      2,
      1,
      4,
      0,
      0,
      0,
      0
    ],
    [
      1,
      0,
      0,
      2,
      1,
      4,
      0,
      0,
      0,
      0
    ],
    [
      1,
      2,
      0,
      0,
      2,
      3,
      0,
      0,
      0,
      0
    ],
    [
      1,
      1,
      0,
      1,
      0,
      2,
      0,
      0,
      1,
      1
    ],
    [
      0,
      0,
      0,
      0,
      0,
      0,
      3,
      0,
      0,
      0
    ],
    [
      0,
      0,
      0,
      0,
      0,
      0,
      0,
      8,
      4,
      0
    ],
    [
      0,
      0,
      0,
      0,
      0,
      0,
      0,
      2,
      11,
      0
    ],
    [
      0,
      0,
      0,
      0,
      0,
      0,
      0,
      0,
      0,
      8
    ]
  ],
  "per_disease_detailed": {
    "psoriasis": {
      "sensitivity": 0.6923076923076923,
      "specificity": 0.948051948051948,
      "ppv": 0.6923076923076923,
      "npv": 0.948051948051948,
      "support": 13
    },
    "lupus erythematosus": {
      "sensitivity": 0.2222222222222222,
      "specificity": 0.9629629629629629,
      "ppv": 0.4,
      "npv": 0.9176470588235294,
      "support": 9
    },
    "lichen planus": {
      "sensitivity": 0.1111111111111111,
      "specificity": 0.9876543209876543,
      "ppv": 0.5,
      "npv": 0.9090909090909091,
      "support": 9
    },
    "scleroderma": {
      "sensitivity": 0.25,
      "specificity": 0.9634146341463414,
      "ppv": 0.4,
      "npv": 0.9294117647058824,
      "support": 8
    },
    "photodermatoses": {
      "sensitivity": 0.25,
      "specificity": 0.9512195121951219,
      "ppv": 0.3333333333333333,
      "npv": 0.9285714285714286,
      "support": 8
    },
    "sarcoidosis": {
      "sensitivity": 0.2857142857142857,
      "specificity": 0.7831325301204819,
      "ppv": 0.1,
      "npv": 0.9285714285714286,
      "support": 7
    },
    "melanocytic nevi": {
      "sensitivity": 1.0,
      "specificity": 1.0,
      "ppv": 1.0,
      "npv": 1.0,
      "support": 3
    },
    "squamous cell carcinoma in situ": {
      "sensitivity": 0.6666666666666666,
      "specificity": 0.9743589743589743,
      "ppv": 0.8,
      "npv": 0.95,
      "support": 12
    },
    "basal cell carcinoma": {
      "sensitivity": 0.8461538461538461,
      "specificity": 0.922077922077922,
      "ppv": 0.6470588235294118,
      "npv": 0.9726027397260274,
      "support": 13
    },
    "acne vulgaris": {
      "sensitivity": 1.0,
      "specificity": 0.9878048780487805,
      "ppv": 0.8888888888888888,
      "npv": 1.0,
      "support": 8
    }
  },
  "overall_score": 0.5741179410811247
}