{
  "method": "M4",
  "group_mode": "4group",
  "top_n": 10,
  "total_samples": 101,
  "successful_predictions": 101,
  "valid_predictions": 100,
  "num_diseases": 10,
  "accuracy": 0.61,
  "balanced_accuracy": 0.5816544566544567,
  "precision_macro": 0.5977029914529914,
  "recall_macro": 0.5816544566544567,
  "f1_macro": 0.584096724202795,
  "precision_micro": 0.61,
  "recall_micro": 0.61,
  "f1_micro": 0.61,
  "precision_weighted": 0.6224444444444444,
  "recall_weighted": 0.61,
  "f1_weighted": 0.6115163389488871,
  "matthews_corrcoef": 0.5643017286508724,
  "cohen_kappa": 0.5634165453934848,
  "confusion_matrix": [
    [
      6,
      0,
      1,
      1,
      2,
      2,
      0,
      1,
      0,
      0
    ],
    [
      1,
      3,
      0,
      0,
      1,
      4,
      0,
      0,
      0,
      0
    ],
    [
      2,
      0,
      5,
      0,
      0,
      1,
      0,
      1,
      0,
      0
    ],
    [
      1,
      1,
      1,
      4,
      0,
      1,
      0,
      0,
      0,
      0
    ],
    [
      2,
      2,
      1,
      0,
      2,
      0,
      0,
      0,
      0,
      0
    ],
    [
      0,
      2,
      0,
      0,
      1,
      2,
      0,
      0,
      1,
      1
    ],
    [
      0,
      0,
      0,
      0,
      0,
      0,
      11,
      0,
      1,
      0
    ],
    [
      0,
      0,
      1,
      0,
      0,
      0,
      0,
      11,
      2,
      0
    ],
    [
      0,
      0,
      1,
      0,
      0,
      0,
      0,
      3,
      9,
      0
    ],
    [
      0,
      0,
      0,
      0,
      0,
      0,
      0,
      0,
      0,
      8
    ]
  ],
  "per_disease_detailed": {
    "psoriasis": {
      "sensitivity": 0.46153846153846156,
      "specificity": 0.9310344827586207,
      "ppv": 0.5,
      "npv": 0.9204545454545454,
      "support": 13
    },
    "lupus erythematosus": {
      "sensitivity": 0.3333333333333333,
      "specificity": 0.945054945054945,
      "ppv": 0.375,
      "npv": 0.9347826086956522,
      "support": 9
    },
    "lichen planus": {
      "sensitivity": 0.5555555555555556,
      "specificity": 0.945054945054945,
      "ppv": 0.5,
      "npv": 0.9555555555555556,
      "support": 9
    },
    "scleroderma": {
      "sensitivity": 0.5,
      "specificity": 0.9891304347826086,
      "ppv": 0.8,
      "npv": 0.9578947368421052,
      "support": 8
    },
    "photodermatoses": {
      "sensitivity": 0.2857142857142857,
      "specificity": 0.956989247311828,
      "ppv": 0.3333333333333333,
      "npv": 0.9468085106382979,
      "support": 7
    },
    "sarcoidosis": {
      "sensitivity": 0.2857142857142857,
      "specificity": 0.9139784946236559,
      "ppv": 0.2,
      "npv": 0.9444444444444444,
      "support": 7
    },
    "melanocytic nevi": {
      "sensitivity": 0.9166666666666666,
      "specificity": 1.0,
      "ppv": 1.0,
      "npv": 0.9887640449438202,
      "support": 12
    },
    "squamous cell carcinoma": {
      "sensitivity": 0.7857142857142857,
      "specificity": 0.9418604651162791,
      "ppv": 0.6875,
      "npv": 0.9642857142857143,
      "support": 14
    },
    "basal cell carcinoma": {
      "sensitivity": 0.6923076923076923,
      "specificity": 0.9540229885057471,
      "ppv": 0.6923076923076923,
      "npv": 0.9540229885057471,
      "support": 13
    },
    "acne vulgaris": {
      "sensitivity": 1.0,
      "specificity": 0.9891304347826086,
      "ppv": 0.8888888888888888,
      "npv": 1.0,
      "support": 8
    }
  },
  "overall_score": 0.6309900814568171
}