{
  "method": "fuzzytopk_s1cascade",
  "rag_experiment": "R3",
  "prompt_variant": "P0",
  "group_mode": "4group",
  "top_n": 10,
  "total_samples": 99,
  "successful_predictions": 99,
  "valid_predictions": 99,
  "num_diseases": 10,
  "accuracy": 0.7272727272727273,
  "balanced_accuracy": 0.6952686202686202,
  "precision_macro": 0.7043073593073592,
  "recall_macro": 0.6952686202686202,
  "f1_macro": 0.6958270676691728,
  "precision_micro": 0.7272727272727273,
  "recall_micro": 0.7272727272727273,
  "f1_micro": 0.7272727272727273,
  "precision_weighted": 0.723276050548778,
  "recall_weighted": 0.7272727272727273,
  "f1_weighted": 0.7217716007189693,
  "matthews_corrcoef": 0.695382726535428,
  "cohen_kappa": 0.6945840950639853,
  "confusion_matrix": [
    [
      9,
      0,
      0,
      0,
      1,
      2,
      0,
      1,
      0,
      0
    ],
    [
      2,
      6,
      0,
      0,
      1,
      0,
      0,
      0,
      0,
      0
    ],
    [
      1,
      0,
      7,
      0,
      0,
      1,
      0,
      0,
      0,
      0
    ],
    [
      1,
      0,
      1,
      5,
      0,
      0,
      0,
      1,
      0,
      0
    ],
    [
      0,
      1,
      1,
      0,
      5,
      1,
      0,
      0,
      0,
      0
    ],
    [
      1,
      2,
      1,
      0,
      0,
      1,
      0,
      0,
      1,
      1
    ],
    [
      0,
      0,
      0,
      0,
      0,
      0,
      12,
      0,
      0,
      0
    ],
    [
      0,
      1,
      0,
      0,
      0,
      0,
      0,
      9,
      2,
      0
    ],
    [
      0,
      0,
      0,
      0,
      0,
      0,
      0,
      1,
      12,
      0
    ],
    [
      0,
      1,
      0,
      1,
      0,
      0,
      0,
      0,
      0,
      6
    ]
  ],
  "per_disease_detailed": {
    "psoriasis": {
      "sensitivity": 0.6923076923076923,
      "specificity": 0.9418604651162791,
      "ppv": 0.6428571428571429,
      "npv": 0.9529411764705882,
      "support": 13
    },
    "lupus erythematosus": {
      "sensitivity": 0.6666666666666666,
      "specificity": 0.9444444444444444,
      "ppv": 0.5454545454545454,
      "npv": 0.9659090909090909,
      "support": 9
    },
    "lichen planus": {
      "sensitivity": 0.7777777777777778,
      "specificity": 0.9666666666666667,
      "ppv": 0.7,
      "npv": 0.9775280898876404,
      "support": 9
    },
    "scleroderma": {
      "sensitivity": 0.625,
      "specificity": 0.989010989010989,
      "ppv": 0.8333333333333334,
      "npv": 0.967741935483871,
      "support": 8
    },
    "photodermatoses": {
      "sensitivity": 0.625,
      "specificity": 0.978021978021978,
      "ppv": 0.7142857142857143,
      "npv": 0.967391304347826,
      "support": 8
    },
    "sarcoidosis": {
      "sensitivity": 0.14285714285714285,
      "specificity": 0.9565217391304348,
      "ppv": 0.2,
      "npv": 0.9361702127659575,
      "support": 7
    },
    "melanocytic nevi": {
      "sensitivity": 1.0,
      "specificity": 1.0,
      "ppv": 1.0,
      "npv": 1.0,
      "support": 12
    },
    "squamous cell carcinoma in situ": {
      "sensitivity": 0.75,
      "specificity": 0.9655172413793104,
      "ppv": 0.75,
      "npv": 0.9655172413793104,
      "support": 12
    },
    "basal cell carcinoma": {
      "sensitivity": 0.9230769230769231,
      "specificity": 0.9651162790697675,
      "ppv": 0.8,
      "npv": 0.9880952380952381,
      "support": 13
    },
    "acne vulgaris": {
      "sensitivity": 0.75,
      "specificity": 0.989010989010989,
      "ppv": 0.8571428571428571,
      "npv": 0.9782608695652174,
      "support": 8
    }
  },
  "overall_score": 0.7355219351898369
}