{
  "method": "M1",
  "rag_experiment": "NoRAG",
  "prompt_variant": "P3",
  "group_mode": "4group",
  "top_n": 10,
  "total_samples": 99,
  "successful_predictions": 99,
  "valid_predictions": 91,
  "num_diseases": 10,
  "accuracy": 0.46464646464646464,
  "balanced_accuracy": 0.543543956043956,
  "precision_macro": 0.5585806222762745,
  "recall_macro": 0.543543956043956,
  "f1_macro": 0.5122785343311659,
  "precision_micro": 0.5054945054945055,
  "recall_micro": 0.5054945054945055,
  "f1_micro": 0.5054945054945055,
  "precision_weighted": 0.5613085910744774,
  "recall_weighted": 0.5054945054945055,
  "f1_weighted": 0.49586602780934763,
  "matthews_corrcoef": 0.4627111083035067,
  "cohen_kappa": 0.45040934102804986,
  "confusion_matrix": [
    [
      4,
      1,
      1,
      0,
      4,
      3,
      0,
      0,
      0,
      0
    ],
    [
      0,
      2,
      0,
      0,
      2,
      5,
      0,
      0,
      0,
      0
    ],
    [
      1,
      0,
      1,
      3,
      0,
      4,
      0,
      0,
      0,
      0
    ],
    [
      1,
      1,
      0,
      2,
      0,
      4,
      0,
      0,
      0,
      0
    ],
    [
      0,
      1,
      0,
      0,
      5,
      2,
      0,
      0,
      0,
      0
    ],
    [
      0,
      1,
      0,
      0,
      1,
      5,
      0,
      0,
      0,
      0
    ],
    [
      0,
      0,
      0,
      0,
      0,
      0,
      4,
      0,
      0,
      0
    ],
    [
      0,
      0,
      0,
      0,
      0,
      0,
      0,
      8,
      4,
      0
    ],
    [
      0,
      0,
      0,
      0,
      0,
      0,
      1,
      5,
      7,
      0
    ],
    [
      0,
      0,
      0,
      0,
      0,
      0,
      0,
      0,
      0,
      8
    ]
  ],
  "per_disease_detailed": {
    "psoriasis": {
      "sensitivity": 0.3076923076923077,
      "specificity": 0.9767441860465116,
      "ppv": 0.6666666666666666,
      "npv": 0.9032258064516129,
      "support": 13
    },
    "lupus erythematosus": {
      "sensitivity": 0.2222222222222222,
      "specificity": 0.9555555555555556,
      "ppv": 0.3333333333333333,
      "npv": 0.9247311827956989,
      "support": 9
    },
    "lichen planus": {
      "sensitivity": 0.1111111111111111,
      "specificity": 0.9888888888888889,
      "ppv": 0.5,
      "npv": 0.9175257731958762,
      "support": 9
    },
    "scleroderma": {
      "sensitivity": 0.25,
      "specificity": 0.967032967032967,
      "ppv": 0.4,
      "npv": 0.9361702127659575,
      "support": 8
    },
    "photodermatoses": {
      "sensitivity": 0.625,
      "specificity": 0.9230769230769231,
      "ppv": 0.4166666666666667,
      "npv": 0.9655172413793104,
      "support": 8
    },
    "sarcoidosis": {
      "sensitivity": 0.7142857142857143,
      "specificity": 0.8043478260869565,
      "ppv": 0.21739130434782608,
      "npv": 0.9736842105263158,
      "support": 7
    },
    "melanocytic nevi": {
      "sensitivity": 0.3333333333333333,
      "specificity": 0.9885057471264368,
      "ppv": 0.8,
      "npv": 0.9148936170212766,
      "support": 12
    },
    "squamous cell carcinoma in situ": {
      "sensitivity": 0.6666666666666666,
      "specificity": 0.9425287356321839,
      "ppv": 0.6153846153846154,
      "npv": 0.9534883720930233,
      "support": 12
    },
    "basal cell carcinoma": {
      "sensitivity": 0.5384615384615384,
      "specificity": 0.9534883720930233,
      "ppv": 0.6363636363636364,
      "npv": 0.9318181818181818,
      "support": 13
    },
    "acne vulgaris": {
      "sensitivity": 1.0,
      "specificity": 1.0,
      "ppv": 1.0,
      "npv": 1.0,
      "support": 8
    }
  },
  "overall_score": 0.548057401732431
}