{
  "method": "M1",
  "rag_experiment": "R3",
  "prompt_variant": "P3",
  "group_mode": "4group",
  "top_n": 10,
  "total_samples": 99,
  "successful_predictions": 99,
  "valid_predictions": 90,
  "num_diseases": 10,
  "accuracy": 0.5,
  "balanced_accuracy": 0.5130189255189255,
  "precision_macro": 0.5349999999999999,
  "recall_macro": 0.5130189255189255,
  "f1_macro": 0.5025404007756948,
  "precision_micro": 0.5,
  "recall_micro": 0.5,
  "f1_micro": 0.5,
  "precision_weighted": 0.5465873015873016,
  "recall_weighted": 0.5,
  "f1_weighted": 0.5023328305681247,
  "matthews_corrcoef": 0.4619641001848386,
  "cohen_kappa": 0.44398682042833604,
  "confusion_matrix": [
    [
      6,
      1,
      1,
      0,
      1,
      4,
      0,
      0,
      0,
      0
    ],
    [
      0,
      2,
      0,
      0,
      1,
      6,
      0,
      0,
      0,
      0
    ],
    [
      1,
      0,
      0,
      1,
      2,
      5,
      0,
      0,
      0,
      0
    ],
    [
      0,
      1,
      0,
      2,
      0,
      5,
      0,
      0,
      0,
      0
    ],
    [
      0,
      2,
      0,
      1,
      1,
      4,
      0,
      0,
      0,
      0
    ],
    [
      0,
      2,
      0,
      1,
      0,
      4,
      0,
      0,
      0,
      0
    ],
    [
      0,
      0,
      0,
      0,
      0,
      0,
      4,
      0,
      0,
      0
    ],
    [
      0,
      0,
      0,
      0,
      0,
      0,
      0,
      9,
      3,
      0
    ],
    [
      0,
      0,
      0,
      0,
      0,
      0,
      0,
      3,
      9,
      0
    ],
    [
      0,
      0,
      0,
      0,
      0,
      0,
      0,
      0,
      0,
      8
    ]
  ],
  "per_disease_detailed": {
    "psoriasis": {
      "sensitivity": 0.46153846153846156,
      "specificity": 0.987012987012987,
      "ppv": 0.8571428571428571,
      "npv": 0.9156626506024096,
      "support": 13
    },
    "lupus erythematosus": {
      "sensitivity": 0.2222222222222222,
      "specificity": 0.9259259259259259,
      "ppv": 0.25,
      "npv": 0.9146341463414634,
      "support": 9
    },
    "lichen planus": {
      "sensitivity": 0.0,
      "specificity": 0.9876543209876543,
      "ppv": 0.0,
      "npv": 0.898876404494382,
      "support": 9
    },
    "scleroderma": {
      "sensitivity": 0.25,
      "specificity": 0.9634146341463414,
      "ppv": 0.4,
      "npv": 0.9294117647058824,
      "support": 8
    },
    "photodermatoses": {
      "sensitivity": 0.125,
      "specificity": 0.9512195121951219,
      "ppv": 0.2,
      "npv": 0.9176470588235294,
      "support": 8
    },
    "sarcoidosis": {
      "sensitivity": 0.5714285714285714,
      "specificity": 0.7108433734939759,
      "ppv": 0.14285714285714285,
      "npv": 0.9516129032258065,
      "support": 7
    },
    "melanocytic nevi": {
      "sensitivity": 1.0,
      "specificity": 1.0,
      "ppv": 1.0,
      "npv": 1.0,
      "support": 4
    },
    "squamous cell carcinoma in situ": {
      "sensitivity": 0.75,
      "specificity": 0.9615384615384616,
      "ppv": 0.75,
      "npv": 0.9615384615384616,
      "support": 12
    },
    "basal cell carcinoma": {
      "sensitivity": 0.75,
      "specificity": 0.9615384615384616,
      "ppv": 0.75,
      "npv": 0.9615384615384616,
      "support": 12
    },
    "acne vulgaris": {
      "sensitivity": 1.0,
      "specificity": 1.0,
      "ppv": 1.0,
      "npv": 1.0,
      "support": 8
    }
  },
  "overall_score": 0.5495623153549773
}