{
  "method": "M1",
  "rag_experiment": "R4",
  "prompt_variant": "P2",
  "group_mode": "4group",
  "top_n": 10,
  "total_samples": 99,
  "successful_predictions": 99,
  "valid_predictions": 90,
  "num_diseases": 10,
  "accuracy": 0.5444444444444444,
  "balanced_accuracy": 0.5393620268620268,
  "precision_macro": 0.5632896635528214,
  "recall_macro": 0.5393620268620268,
  "f1_macro": 0.5377283227633207,
  "precision_micro": 0.5444444444444444,
  "recall_micro": 0.5444444444444444,
  "f1_micro": 0.5444444444444444,
  "precision_weighted": 0.5764827894652456,
  "recall_weighted": 0.5444444444444444,
  "f1_weighted": 0.5477931629361461,
  "matthews_corrcoef": 0.4969433341331905,
  "cohen_kappa": 0.48976769911504425,
  "confusion_matrix": [
    [
      9,
      0,
      1,
      0,
      0,
      3,
      0,
      0,
      0,
      0
    ],
    [
      0,
      3,
      0,
      0,
      2,
      4,
      0,
      0,
      0,
      0
    ],
    [
      1,
      0,
      1,
      2,
      1,
      4,
      0,
      0,
      0,
      0
    ],
    [
      1,
      2,
      0,
      1,
      1,
      3,
      0,
      0,
      0,
      0
    ],
    [
      0,
      3,
      0,
      0,
      2,
      3,
      0,
      0,
      0,
      0
    ],
    [
      0,
      2,
      1,
      1,
      0,
      2,
      0,
      0,
      0,
      1
    ],
    [
      0,
      0,
      0,
      0,
      0,
      0,
      3,
      0,
      0,
      0
    ],
    [
      0,
      0,
      0,
      0,
      0,
      0,
      0,
      9,
      3,
      0
    ],
    [
      0,
      0,
      0,
      0,
      0,
      0,
      0,
      2,
      11,
      0
    ],
    [
      0,
      0,
      0,
      0,
      0,
      0,
      0,
      0,
      0,
      8
    ]
  ],
  "per_disease_detailed": {
    "psoriasis": {
      "sensitivity": 0.6923076923076923,
      "specificity": 0.974025974025974,
      "ppv": 0.8181818181818182,
      "npv": 0.9493670886075949,
      "support": 13
    },
    "lupus erythematosus": {
      "sensitivity": 0.3333333333333333,
      "specificity": 0.9135802469135802,
      "ppv": 0.3,
      "npv": 0.925,
      "support": 9
    },
    "lichen planus": {
      "sensitivity": 0.1111111111111111,
      "specificity": 0.9753086419753086,
      "ppv": 0.3333333333333333,
      "npv": 0.9080459770114943,
      "support": 9
    },
    "scleroderma": {
      "sensitivity": 0.125,
      "specificity": 0.9634146341463414,
      "ppv": 0.25,
      "npv": 0.9186046511627907,
      "support": 8
    },
    "photodermatoses": {
      "sensitivity": 0.25,
      "specificity": 0.9512195121951219,
      "ppv": 0.3333333333333333,
      "npv": 0.9285714285714286,
      "support": 8
    },
    "sarcoidosis": {
      "sensitivity": 0.2857142857142857,
      "specificity": 0.7951807228915663,
      "ppv": 0.10526315789473684,
      "npv": 0.9295774647887324,
      "support": 7
    },
    "melanocytic nevi": {
      "sensitivity": 1.0,
      "specificity": 1.0,
      "ppv": 1.0,
      "npv": 1.0,
      "support": 3
    },
    "squamous cell carcinoma in situ": {
      "sensitivity": 0.75,
      "specificity": 0.9743589743589743,
      "ppv": 0.8181818181818182,
      "npv": 0.9620253164556962,
      "support": 12
    },
    "basal cell carcinoma": {
      "sensitivity": 0.8461538461538461,
      "specificity": 0.961038961038961,
      "ppv": 0.7857142857142857,
      "npv": 0.9736842105263158,
      "support": 13
    },
    "acne vulgaris": {
      "sensitivity": 1.0,
      "specificity": 0.9878048780487805,
      "ppv": 0.8888888888888888,
      "npv": 1.0,
      "support": 8
    }
  },
  "overall_score": 0.5822185689480539
}