{
  "method": "base",
  "rag_experiment": "R0",
  "prompt_variant": "P1",
  "group_mode": "4group",
  "top_n": 10,
  "total_samples": 99,
  "successful_predictions": 99,
  "valid_predictions": 3,
  "num_diseases": 10,
  "accuracy": 0.010101010101010102,
  "balanced_accuracy": 0.3333333333333333,
  "precision_macro": 0.125,
  "recall_macro": 0.25,
  "f1_macro": 0.16666666666666666,
  "precision_micro": 0.3333333333333333,
  "recall_micro": 0.3333333333333333,
  "f1_micro": 0.3333333333333333,
  "precision_weighted": 0.16666666666666666,
  "recall_weighted": 0.3333333333333333,
  "f1_weighted": 0.2222222222222222,
  "matthews_corrcoef": 0.20412414523193154,
  "cohen_kappa": 0.1428571428571428,
  "confusion_matrix": [
    [
      0,
      0,
      0,
      0,
      0,
      0,
      0,
      1,
      0,
      0
    ],
    [
      0,
      0,
      0,
      0,
      0,
      0,
      0,
      0,
      0,
      0
    ],
    [
      0,
      0,
      0,
      0,
      0,
      0,
      0,
      0,
      0,
      0
    ],
    [
      0,
      0,
      0,
      0,
      0,
      0,
      0,
      0,
      0,
      0
    ],
    [
      0,
      0,
      0,
      0,
      0,
      0,
      0,
      0,
      0,
      0
    ],
    [
      0,
      0,
      0,
      0,
      0,
      0,
      0,
      0,
      0,
      0
    ],
    [
      0,
      0,
      0,
      0,
      0,
      0,
      0,
      0,
      1,
      0
    ],
    [
      0,
      0,
      0,
      0,
      0,
      0,
      0,
      1,
      0,
      0
    ],
    [
      0,
      0,
      0,
      0,
      0,
      0,
      0,
      0,
      0,
      0
    ],
    [
      0,
      0,
      0,
      0,
      0,
      0,
      0,
      0,
      0,
      0
    ]
  ],
  "per_disease_detailed": {
    "psoriasis": {
      "sensitivity": 0.0,
      "specificity": 1.0,
      "ppv": 0,
      "npv": 0.8686868686868687,
      "support": 13
    },
    "lupus erythematosus": {
      "sensitivity": 0.0,
      "specificity": 1.0,
      "ppv": 0,
      "npv": 0.9090909090909091,
      "support": 9
    },
    "lichen planus": {
      "sensitivity": 0.0,
      "specificity": 1.0,
      "ppv": 0,
      "npv": 0.9090909090909091,
      "support": 9
    },
    "scleroderma": {
      "sensitivity": 0.0,
      "specificity": 1.0,
      "ppv": 0,
      "npv": 0.9191919191919192,
      "support": 8
    },
    "photodermatoses": {
      "sensitivity": 0.0,
      "specificity": 1.0,
      "ppv": 0,
      "npv": 0.9191919191919192,
      "support": 8
    },
    "sarcoidosis": {
      "sensitivity": 0.0,
      "specificity": 1.0,
      "ppv": 0,
      "npv": 0.9292929292929293,
      "support": 7
    },
    "melanocytic nevi": {
      "sensitivity": 0.0,
      "specificity": 1.0,
      "ppv": 0,
      "npv": 0.8787878787878788,
      "support": 12
    },
    "squamous cell carcinoma in situ": {
      "sensitivity": 0.08333333333333333,
      "specificity": 0.9885057471264368,
      "ppv": 0.5,
      "npv": 0.8865979381443299,
      "support": 12
    },
    "basal cell carcinoma": {
      "sensitivity": 0.0,
      "specificity": 0.9883720930232558,
      "ppv": 0.0,
      "npv": 0.8673469387755102,
      "support": 13
    },
    "acne vulgaris": {
      "sensitivity": 0.0,
      "specificity": 1.0,
      "ppv": 0,
      "npv": 0.9191919191919192,
      "support": 8
    }
  },
  "overall_score": 0.24010938422016287
}