{
  "method": "fuzzytopk",
  "rag_experiment": "R1",
  "prompt_variant": "P1",
  "group_mode": "4group",
  "top_n": 10,
  "total_samples": 99,
  "successful_predictions": 99,
  "valid_predictions": 97,
  "num_diseases": 10,
  "accuracy": 0.6391752577319587,
  "balanced_accuracy": 0.621571484071484,
  "precision_macro": 0.6158080808080808,
  "recall_macro": 0.621571484071484,
  "f1_macro": 0.60289703760292,
  "precision_micro": 0.6391752577319587,
  "recall_micro": 0.6391752577319587,
  "f1_micro": 0.6391752577319587,
  "precision_weighted": 0.6487816307403936,
  "recall_weighted": 0.6391752577319587,
  "f1_weighted": 0.6273770364128156,
  "matthews_corrcoef": 0.6014381645209796,
  "cohen_kappa": 0.5975103734439834,
  "confusion_matrix": [
    [
      7,
      1,
      2,
      0,
      0,
      1,
      0,
      1,
      1,
      0
    ],
    [
      0,
      3,
      0,
      2,
      1,
      2,
      0,
      0,
      0,
      1
    ],
    [
      1,
      0,
      7,
      0,
      0,
      1,
      0,
      0,
      0,
      0
    ],
    [
      0,
      1,
      1,
      4,
      0,
      1,
      0,
      0,
      0,
      0
    ],
    [
      0,
      1,
      1,
      2,
      1,
      2,
      0,
      0,
      0,
      1
    ],
    [
      0,
      2,
      0,
      0,
      1,
      3,
      0,
      1,
      0,
      0
    ],
    [
      0,
      0,
      0,
      0,
      0,
      0,
      10,
      0,
      1,
      0
    ],
    [
      0,
      0,
      0,
      0,
      0,
      0,
      0,
      11,
      1,
      0
    ],
    [
      0,
      0,
      0,
      0,
      0,
      0,
      0,
      5,
      8,
      0
    ],
    [
      0,
      0,
      0,
      0,
      0,
      0,
      0,
      0,
      0,
      8
    ]
  ],
  "per_disease_detailed": {
    "psoriasis": {
      "sensitivity": 0.5384615384615384,
      "specificity": 0.9880952380952381,
      "ppv": 0.875,
      "npv": 0.9325842696629213,
      "support": 13
    },
    "lupus erythematosus": {
      "sensitivity": 0.3333333333333333,
      "specificity": 0.9431818181818182,
      "ppv": 0.375,
      "npv": 0.9325842696629213,
      "support": 9
    },
    "lichen planus": {
      "sensitivity": 0.7777777777777778,
      "specificity": 0.9545454545454546,
      "ppv": 0.6363636363636364,
      "npv": 0.9767441860465116,
      "support": 9
    },
    "scleroderma": {
      "sensitivity": 0.5714285714285714,
      "specificity": 0.9555555555555556,
      "ppv": 0.5,
      "npv": 0.9662921348314607,
      "support": 7
    },
    "photodermatoses": {
      "sensitivity": 0.125,
      "specificity": 0.9775280898876404,
      "ppv": 0.3333333333333333,
      "npv": 0.925531914893617,
      "support": 8
    },
    "sarcoidosis": {
      "sensitivity": 0.42857142857142855,
      "specificity": 0.9222222222222223,
      "ppv": 0.3,
      "npv": 0.9540229885057471,
      "support": 7
    },
    "melanocytic nevi": {
      "sensitivity": 0.9090909090909091,
      "specificity": 1.0,
      "ppv": 1.0,
      "npv": 0.9885057471264368,
      "support": 11
    },
    "squamous cell carcinoma in situ": {
      "sensitivity": 0.9166666666666666,
      "specificity": 0.9176470588235294,
      "ppv": 0.6111111111111112,
      "npv": 0.9873417721518988,
      "support": 12
    },
    "basal cell carcinoma": {
      "sensitivity": 0.6153846153846154,
      "specificity": 0.9642857142857143,
      "ppv": 0.7272727272727273,
      "npv": 0.9418604651162791,
      "support": 13
    },
    "acne vulgaris": {
      "sensitivity": 1.0,
      "specificity": 0.9775280898876404,
      "ppv": 0.8,
      "npv": 1.0,
      "support": 8
    }
  },
  "overall_score": 0.6570798018668583
}