{
  "method": "M1",
  "rag_experiment": "R3",
  "prompt_variant": "P0",
  "group_mode": "4group",
  "top_n": 10,
  "total_samples": 99,
  "successful_predictions": 99,
  "valid_predictions": 92,
  "num_diseases": 10,
  "accuracy": 0.5217391304347826,
  "balanced_accuracy": 0.52754884004884,
  "precision_macro": 0.575,
  "recall_macro": 0.52754884004884,
  "f1_macro": 0.5149834851057262,
  "precision_micro": 0.5217391304347826,
  "recall_micro": 0.5217391304347826,
  "f1_micro": 0.5217391304347826,
  "precision_weighted": 0.5896739130434783,
  "recall_weighted": 0.5217391304347826,
  "f1_weighted": 0.5205673178227987,
  "matthews_corrcoef": 0.4843700505208832,
  "cohen_kappa": 0.4687664041994749,
  "confusion_matrix": [
    [
      5,
      3,
      1,
      0,
      0,
      4,
      0,
      0,
      0,
      0
    ],
    [
      0,
      4,
      0,
      0,
      1,
      4,
      0,
      0,
      0,
      0
    ],
    [
      1,
      1,
      0,
      1,
      1,
      5,
      0,
      0,
      0,
      0
    ],
    [
      0,
      1,
      0,
      2,
      0,
      5,
      0,
      0,
      0,
      0
    ],
    [
      0,
      4,
      1,
      0,
      1,
      2,
      0,
      0,
      0,
      0
    ],
    [
      0,
      3,
      0,
      0,
      0,
      4,
      0,
      0,
      0,
      0
    ],
    [
      0,
      0,
      0,
      0,
      0,
      0,
      6,
      0,
      0,
      0
    ],
    [
      0,
      0,
      0,
      0,
      0,
      0,
      0,
      9,
      3,
      0
    ],
    [
      0,
      0,
      0,
      0,
      0,
      0,
      0,
      3,
      9,
      0
    ],
    [
      0,
      0,
      0,
      0,
      0,
      0,
      0,
      0,
      0,
      8
    ]
  ],
  "per_disease_detailed": {
    "psoriasis": {
      "sensitivity": 0.38461538461538464,
      "specificity": 0.9873417721518988,
      "ppv": 0.8333333333333334,
      "npv": 0.9069767441860465,
      "support": 13
    },
    "lupus erythematosus": {
      "sensitivity": 0.4444444444444444,
      "specificity": 0.8554216867469879,
      "ppv": 0.25,
      "npv": 0.9342105263157895,
      "support": 9
    },
    "lichen planus": {
      "sensitivity": 0.0,
      "specificity": 0.9759036144578314,
      "ppv": 0.0,
      "npv": 0.9,
      "support": 9
    },
    "scleroderma": {
      "sensitivity": 0.25,
      "specificity": 0.9880952380952381,
      "ppv": 0.6666666666666666,
      "npv": 0.9325842696629213,
      "support": 8
    },
    "photodermatoses": {
      "sensitivity": 0.125,
      "specificity": 0.9761904761904762,
      "ppv": 0.3333333333333333,
      "npv": 0.9213483146067416,
      "support": 8
    },
    "sarcoidosis": {
      "sensitivity": 0.5714285714285714,
      "specificity": 0.7647058823529411,
      "ppv": 0.16666666666666666,
      "npv": 0.9558823529411765,
      "support": 7
    },
    "melanocytic nevi": {
      "sensitivity": 1.0,
      "specificity": 1.0,
      "ppv": 1.0,
      "npv": 1.0,
      "support": 6
    },
    "squamous cell carcinoma in situ": {
      "sensitivity": 0.75,
      "specificity": 0.9625,
      "ppv": 0.75,
      "npv": 0.9625,
      "support": 12
    },
    "basal cell carcinoma": {
      "sensitivity": 0.75,
      "specificity": 0.9625,
      "ppv": 0.75,
      "npv": 0.9625,
      "support": 12
    },
    "acne vulgaris": {
      "sensitivity": 1.0,
      "specificity": 1.0,
      "ppv": 1.0,
      "npv": 1.0,
      "support": 8
    }
  },
  "overall_score": 0.564963557724009
}