{
  "method": "M1",
  "rag_experiment": "R2",
  "prompt_variant": "P2",
  "group_mode": "4group",
  "top_n": 10,
  "total_samples": 99,
  "successful_predictions": 99,
  "valid_predictions": 91,
  "num_diseases": 10,
  "accuracy": 0.5384615384615384,
  "balanced_accuracy": 0.5474816849816849,
  "precision_macro": 0.612122636135794,
  "recall_macro": 0.5474816849816849,
  "f1_macro": 0.5487208765469636,
  "precision_micro": 0.5384615384615384,
  "recall_micro": 0.5384615384615384,
  "f1_micro": 0.5384615384615384,
  "precision_weighted": 0.6202558406505775,
  "recall_weighted": 0.5384615384615384,
  "f1_weighted": 0.5473841159459889,
  "matthews_corrcoef": 0.4952431756857281,
  "cohen_kappa": 0.48497507074518253,
  "confusion_matrix": [
    [
      6,
      2,
      1,
      0,
      0,
      4,
      0,
      0,
      0,
      0
    ],
    [
      0,
      5,
      0,
      0,
      1,
      3,
      0,
      0,
      0,
      0
    ],
    [
      1,
      1,
      1,
      2,
      0,
      4,
      0,
      0,
      0,
      0
    ],
    [
      0,
      1,
      0,
      4,
      1,
      2,
      0,
      0,
      0,
      0
    ],
    [
      0,
      3,
      0,
      0,
      1,
      4,
      0,
      0,
      0,
      0
    ],
    [
      0,
      4,
      0,
      1,
      0,
      2,
      0,
      0,
      0,
      0
    ],
    [
      0,
      0,
      0,
      0,
      0,
      0,
      4,
      0,
      0,
      0
    ],
    [
      0,
      0,
      0,
      0,
      0,
      0,
      0,
      8,
      4,
      0
    ],
    [
      0,
      0,
      0,
      0,
      0,
      0,
      0,
      3,
      10,
      0
    ],
    [
      0,
      0,
      0,
      0,
      0,
      0,
      0,
      0,
      0,
      8
    ]
  ],
  "per_disease_detailed": {
    "psoriasis": {
      "sensitivity": 0.46153846153846156,
      "specificity": 0.9871794871794872,
      "ppv": 0.8571428571428571,
      "npv": 0.9166666666666666,
      "support": 13
    },
    "lupus erythematosus": {
      "sensitivity": 0.5555555555555556,
      "specificity": 0.8658536585365854,
      "ppv": 0.3125,
      "npv": 0.9466666666666667,
      "support": 9
    },
    "lichen planus": {
      "sensitivity": 0.1111111111111111,
      "specificity": 0.9878048780487805,
      "ppv": 0.5,
      "npv": 0.9101123595505618,
      "support": 9
    },
    "scleroderma": {
      "sensitivity": 0.5,
      "specificity": 0.963855421686747,
      "ppv": 0.5714285714285714,
      "npv": 0.9523809523809523,
      "support": 8
    },
    "photodermatoses": {
      "sensitivity": 0.125,
      "specificity": 0.9759036144578314,
      "ppv": 0.3333333333333333,
      "npv": 0.9204545454545454,
      "support": 8
    },
    "sarcoidosis": {
      "sensitivity": 0.2857142857142857,
      "specificity": 0.7976190476190477,
      "ppv": 0.10526315789473684,
      "npv": 0.9305555555555556,
      "support": 7
    },
    "melanocytic nevi": {
      "sensitivity": 1.0,
      "specificity": 1.0,
      "ppv": 1.0,
      "npv": 1.0,
      "support": 4
    },
    "squamous cell carcinoma in situ": {
      "sensitivity": 0.6666666666666666,
      "specificity": 0.9620253164556962,
      "ppv": 0.7272727272727273,
      "npv": 0.95,
      "support": 12
    },
    "basal cell carcinoma": {
      "sensitivity": 0.7692307692307693,
      "specificity": 0.9487179487179487,
      "ppv": 0.7142857142857143,
      "npv": 0.961038961038961,
      "support": 13
    },
    "acne vulgaris": {
      "sensitivity": 1.0,
      "specificity": 1.0,
      "ppv": 1.0,
      "npv": 1.0,
      "support": 8
    }
  },
  "overall_score": 0.5851753790674603
}