{
  "method": "fuzzytopk_s1cascade",
  "rag_experiment": "R1",
  "prompt_variant": "P1",
  "group_mode": "4group",
  "top_n": 10,
  "total_samples": 99,
  "successful_predictions": 99,
  "valid_predictions": 99,
  "num_diseases": 10,
  "accuracy": 0.696969696969697,
  "balanced_accuracy": 0.6781898656898656,
  "precision_macro": 0.6903418803418804,
  "recall_macro": 0.6781898656898656,
  "f1_macro": 0.6712901524921986,
  "precision_micro": 0.696969696969697,
  "recall_micro": 0.696969696969697,
  "f1_micro": 0.696969696969697,
  "precision_weighted": 0.6998877665544333,
  "recall_weighted": 0.696969696969697,
  "f1_weighted": 0.6873907492755824,
  "matthews_corrcoef": 0.662627199755114,
  "cohen_kappa": 0.6608040201005025,
  "confusion_matrix": [
    [
      9,
      1,
      0,
      0,
      1,
      0,
      0,
      0,
      2,
      0
    ],
    [
      0,
      5,
      0,
      1,
      1,
      0,
      0,
      0,
      2,
      0
    ],
    [
      1,
      0,
      8,
      0,
      0,
      0,
      0,
      0,
      0,
      0
    ],
    [
      1,
      1,
      1,
      2,
      1,
      2,
      0,
      0,
      0,
      0
    ],
    [
      2,
      0,
      0,
      0,
      3,
      2,
      0,
      0,
      0,
      1
    ],
    [
      0,
      2,
      0,
      0,
      0,
      4,
      0,
      0,
      1,
      0
    ],
    [
      0,
      0,
      0,
      0,
      0,
      0,
      11,
      0,
      1,
      0
    ],
    [
      0,
      0,
      0,
      0,
      0,
      0,
      0,
      11,
      1,
      0
    ],
    [
      0,
      0,
      0,
      0,
      0,
      1,
      0,
      4,
      8,
      0
    ],
    [
      0,
      0,
      0,
      0,
      0,
      0,
      0,
      0,
      0,
      8
    ]
  ],
  "per_disease_detailed": {
    "psoriasis": {
      "sensitivity": 0.6923076923076923,
      "specificity": 0.9534883720930233,
      "ppv": 0.6923076923076923,
      "npv": 0.9534883720930233,
      "support": 13
    },
    "lupus erythematosus": {
      "sensitivity": 0.5555555555555556,
      "specificity": 0.9555555555555556,
      "ppv": 0.5555555555555556,
      "npv": 0.9555555555555556,
      "support": 9
    },
    "lichen planus": {
      "sensitivity": 0.8888888888888888,
      "specificity": 0.9888888888888889,
      "ppv": 0.8888888888888888,
      "npv": 0.9888888888888889,
      "support": 9
    },
    "scleroderma": {
      "sensitivity": 0.25,
      "specificity": 0.989010989010989,
      "ppv": 0.6666666666666666,
      "npv": 0.9375,
      "support": 8
    },
    "photodermatoses": {
      "sensitivity": 0.375,
      "specificity": 0.967032967032967,
      "ppv": 0.5,
      "npv": 0.946236559139785,
      "support": 8
    },
    "sarcoidosis": {
      "sensitivity": 0.5714285714285714,
      "specificity": 0.9456521739130435,
      "ppv": 0.4444444444444444,
      "npv": 0.9666666666666667,
      "support": 7
    },
    "melanocytic nevi": {
      "sensitivity": 0.9166666666666666,
      "specificity": 1.0,
      "ppv": 1.0,
      "npv": 0.9886363636363636,
      "support": 12
    },
    "squamous cell carcinoma in situ": {
      "sensitivity": 0.9166666666666666,
      "specificity": 0.9540229885057471,
      "ppv": 0.7333333333333333,
      "npv": 0.9880952380952381,
      "support": 12
    },
    "basal cell carcinoma": {
      "sensitivity": 0.6153846153846154,
      "specificity": 0.9186046511627907,
      "ppv": 0.5333333333333333,
      "npv": 0.9404761904761905,
      "support": 13
    },
    "acne vulgaris": {
      "sensitivity": 1.0,
      "specificity": 0.989010989010989,
      "ppv": 0.8888888888888888,
      "npv": 1.0,
      "support": 8
    }
  },
  "overall_score": 0.7123786479520531
}