{
  "method": "fuzzytopk_s1cascade",
  "rag_experiment": "R2",
  "prompt_variant": "P3",
  "group_mode": "4group",
  "top_n": 10,
  "total_samples": 99,
  "successful_predictions": 99,
  "valid_predictions": 99,
  "num_diseases": 10,
  "accuracy": 0.7171717171717171,
  "balanced_accuracy": 0.6906440781440781,
  "precision_macro": 0.7123504273504273,
  "recall_macro": 0.6906440781440781,
  "f1_macro": 0.6926160579821907,
  "precision_micro": 0.7171717171717171,
  "recall_micro": 0.7171717171717171,
  "f1_micro": 0.7171717171717171,
  "precision_weighted": 0.7232323232323233,
  "recall_weighted": 0.7171717171717171,
  "f1_weighted": 0.7116001720120713,
  "matthews_corrcoef": 0.6852465024249856,
  "cohen_kappa": 0.6832,
  "confusion_matrix": [
    [
      8,
      0,
      1,
      0,
      0,
      2,
      0,
      1,
      1,
      0
    ],
    [
      1,
      5,
      0,
      0,
      0,
      1,
      0,
      2,
      0,
      0
    ],
    [
      1,
      0,
      8,
      0,
      0,
      0,
      0,
      0,
      0,
      0
    ],
    [
      0,
      0,
      1,
      6,
      0,
      0,
      0,
      0,
      1,
      0
    ],
    [
      1,
      0,
      0,
      1,
      4,
      1,
      0,
      0,
      0,
      1
    ],
    [
      0,
      3,
      0,
      1,
      1,
      2,
      0,
      0,
      0,
      0
    ],
    [
      0,
      0,
      0,
      0,
      0,
      0,
      11,
      0,
      1,
      0
    ],
    [
      0,
      0,
      0,
      0,
      0,
      0,
      0,
      12,
      0,
      0
    ],
    [
      0,
      0,
      0,
      0,
      0,
      0,
      0,
      3,
      10,
      0
    ],
    [
      2,
      1,
      0,
      0,
      0,
      0,
      0,
      0,
      0,
      5
    ]
  ],
  "per_disease_detailed": {
    "psoriasis": {
      "sensitivity": 0.6153846153846154,
      "specificity": 0.9418604651162791,
      "ppv": 0.6153846153846154,
      "npv": 0.9418604651162791,
      "support": 13
    },
    "lupus erythematosus": {
      "sensitivity": 0.5555555555555556,
      "specificity": 0.9555555555555556,
      "ppv": 0.5555555555555556,
      "npv": 0.9555555555555556,
      "support": 9
    },
    "lichen planus": {
      "sensitivity": 0.8888888888888888,
      "specificity": 0.9777777777777777,
      "ppv": 0.8,
      "npv": 0.9887640449438202,
      "support": 9
    },
    "scleroderma": {
      "sensitivity": 0.75,
      "specificity": 0.978021978021978,
      "ppv": 0.75,
      "npv": 0.978021978021978,
      "support": 8
    },
    "photodermatoses": {
      "sensitivity": 0.5,
      "specificity": 0.989010989010989,
      "ppv": 0.8,
      "npv": 0.9574468085106383,
      "support": 8
    },
    "sarcoidosis": {
      "sensitivity": 0.2857142857142857,
      "specificity": 0.9565217391304348,
      "ppv": 0.3333333333333333,
      "npv": 0.946236559139785,
      "support": 7
    },
    "melanocytic nevi": {
      "sensitivity": 0.9166666666666666,
      "specificity": 1.0,
      "ppv": 1.0,
      "npv": 0.9886363636363636,
      "support": 12
    },
    "squamous cell carcinoma in situ": {
      "sensitivity": 1.0,
      "specificity": 0.9310344827586207,
      "ppv": 0.6666666666666666,
      "npv": 1.0,
      "support": 12
    },
    "basal cell carcinoma": {
      "sensitivity": 0.7692307692307693,
      "specificity": 0.9651162790697675,
      "ppv": 0.7692307692307693,
      "npv": 0.9651162790697675,
      "support": 13
    },
    "acne vulgaris": {
      "sensitivity": 0.625,
      "specificity": 0.989010989010989,
      "ppv": 0.8333333333333334,
      "npv": 0.967741935483871,
      "support": 8
    }
  },
  "overall_score": 0.7295897984174866
}