{
  "method": "qwen25",
  "rag_experiment": "R0",
  "prompt_variant": "P0",
  "group_mode": "4group",
  "top_n": 10,
  "total_samples": 99,
  "successful_predictions": 99,
  "valid_predictions": 44,
  "num_diseases": 10,
  "accuracy": 0.23232323232323232,
  "balanced_accuracy": 0.4095238095238095,
  "precision_macro": 0.3629068462401796,
  "recall_macro": 0.4095238095238095,
  "f1_macro": 0.37377627818804293,
  "precision_micro": 0.5227272727272727,
  "recall_micro": 0.5227272727272727,
  "f1_micro": 0.5227272727272727,
  "precision_weighted": 0.4631427915518824,
  "recall_weighted": 0.5227272727272727,
  "f1_weighted": 0.4796897064610968,
  "matthews_corrcoef": 0.4398445661399317,
  "cohen_kappa": 0.4348623853211009,
  "confusion_matrix": [
    [
      4,
      0,
      2,
      0,
      0,
      0,
      0,
      0,
      1,
      0
    ],
    [
      1,
      1,
      1,
      0,
      0,
      0,
      0,
      2,
      0,
      0
    ],
    [
      1,
      0,
      2,
      0,
      0,
      1,
      0,
      0,
      1,
      0
    ],
    [
      1,
      0,
      0,
      0,
      0,
      0,
      0,
      0,
      0,
      0
    ],
    [
      2,
      0,
      0,
      0,
      0,
      0,
      0,
      0,
      0,
      0
    ],
    [
      0,
      1,
      1,
      0,
      1,
      0,
      0,
      0,
      0,
      1
    ],
    [
      0,
      0,
      0,
      0,
      0,
      0,
      0,
      0,
      0,
      0
    ],
    [
      1,
      0,
      0,
      0,
      0,
      0,
      0,
      5,
      1,
      0
    ],
    [
      0,
      0,
      0,
      0,
      0,
      0,
      0,
      2,
      8,
      0
    ],
    [
      0,
      0,
      0,
      0,
      0,
      0,
      0,
      0,
      0,
      3
    ]
  ],
  "per_disease_detailed": {
    "psoriasis": {
      "sensitivity": 0.3076923076923077,
      "specificity": 0.9302325581395349,
      "ppv": 0.4,
      "npv": 0.898876404494382,
      "support": 13
    },
    "lupus erythematosus": {
      "sensitivity": 0.1111111111111111,
      "specificity": 0.9888888888888889,
      "ppv": 0.5,
      "npv": 0.9175257731958762,
      "support": 9
    },
    "lichen planus": {
      "sensitivity": 0.2222222222222222,
      "specificity": 0.9555555555555556,
      "ppv": 0.3333333333333333,
      "npv": 0.9247311827956989,
      "support": 9
    },
    "scleroderma": {
      "sensitivity": 0.0,
      "specificity": 1.0,
      "ppv": 0,
      "npv": 0.9191919191919192,
      "support": 8
    },
    "photodermatoses": {
      "sensitivity": 0.0,
      "specificity": 0.989010989010989,
      "ppv": 0.0,
      "npv": 0.9183673469387755,
      "support": 8
    },
    "sarcoidosis": {
      "sensitivity": 0.0,
      "specificity": 0.9891304347826086,
      "ppv": 0.0,
      "npv": 0.9285714285714286,
      "support": 7
    },
    "melanocytic nevi": {
      "sensitivity": 0.0,
      "specificity": 1.0,
      "ppv": 0,
      "npv": 0.8787878787878788,
      "support": 12
    },
    "squamous cell carcinoma in situ": {
      "sensitivity": 0.4166666666666667,
      "specificity": 0.9540229885057471,
      "ppv": 0.5555555555555556,
      "npv": 0.9222222222222223,
      "support": 12
    },
    "basal cell carcinoma": {
      "sensitivity": 0.6153846153846154,
      "specificity": 0.9651162790697675,
      "ppv": 0.7272727272727273,
      "npv": 0.9431818181818182,
      "support": 13
    },
    "acne vulgaris": {
      "sensitivity": 0.375,
      "specificity": 0.989010989010989,
      "ppv": 0.75,
      "npv": 0.9473684210526315,
      "support": 8
    }
  },
  "overall_score": 0.40771907167213767
}