{
  "method": "M1",
  "rag_experiment": "NoRAG",
  "prompt_variant": "P2",
  "group_mode": "4group",
  "top_n": 10,
  "total_samples": 99,
  "successful_predictions": 99,
  "valid_predictions": 93,
  "num_diseases": 10,
  "accuracy": 0.45454545454545453,
  "balanced_accuracy": 0.5021214896214896,
  "precision_macro": 0.5785714285714285,
  "recall_macro": 0.5021214896214896,
  "f1_macro": 0.49789173475081794,
  "precision_micro": 0.4838709677419355,
  "recall_micro": 0.4838709677419355,
  "f1_micro": 0.4838709677419355,
  "precision_weighted": 0.5893497183819764,
  "recall_weighted": 0.4838709677419355,
  "f1_weighted": 0.49483186303932236,
  "matthews_corrcoef": 0.4396752977922442,
  "cohen_kappa": 0.4274721046556368,
  "confusion_matrix": [
    [
      4,
      4,
      0,
      0,
      1,
      4,
      0,
      0,
      0,
      0
    ],
    [
      0,
      2,
      0,
      0,
      1,
      6,
      0,
      0,
      0,
      0
    ],
    [
      1,
      0,
      3,
      2,
      0,
      3,
      0,
      0,
      0,
      0
    ],
    [
      1,
      1,
      0,
      1,
      1,
      4,
      0,
      0,
      0,
      0
    ],
    [
      0,
      3,
      0,
      0,
      2,
      3,
      0,
      0,
      0,
      0
    ],
    [
      0,
      2,
      0,
      0,
      1,
      4,
      0,
      0,
      0,
      0
    ],
    [
      0,
      0,
      0,
      0,
      0,
      0,
      6,
      0,
      0,
      0
    ],
    [
      0,
      0,
      0,
      0,
      0,
      0,
      0,
      9,
      3,
      0
    ],
    [
      0,
      0,
      0,
      0,
      1,
      0,
      1,
      5,
      6,
      0
    ],
    [
      0,
      0,
      0,
      0,
      0,
      0,
      0,
      0,
      0,
      8
    ]
  ],
  "per_disease_detailed": {
    "psoriasis": {
      "sensitivity": 0.3076923076923077,
      "specificity": 0.9767441860465116,
      "ppv": 0.6666666666666666,
      "npv": 0.9032258064516129,
      "support": 13
    },
    "lupus erythematosus": {
      "sensitivity": 0.2222222222222222,
      "specificity": 0.8888888888888888,
      "ppv": 0.16666666666666666,
      "npv": 0.9195402298850575,
      "support": 9
    },
    "lichen planus": {
      "sensitivity": 0.3333333333333333,
      "specificity": 1.0,
      "ppv": 1.0,
      "npv": 0.9375,
      "support": 9
    },
    "scleroderma": {
      "sensitivity": 0.125,
      "specificity": 0.978021978021978,
      "ppv": 0.3333333333333333,
      "npv": 0.9270833333333334,
      "support": 8
    },
    "photodermatoses": {
      "sensitivity": 0.25,
      "specificity": 0.945054945054945,
      "ppv": 0.2857142857142857,
      "npv": 0.9347826086956522,
      "support": 8
    },
    "sarcoidosis": {
      "sensitivity": 0.5714285714285714,
      "specificity": 0.782608695652174,
      "ppv": 0.16666666666666666,
      "npv": 0.96,
      "support": 7
    },
    "melanocytic nevi": {
      "sensitivity": 0.5,
      "specificity": 0.9885057471264368,
      "ppv": 0.8571428571428571,
      "npv": 0.9347826086956522,
      "support": 12
    },
    "squamous cell carcinoma in situ": {
      "sensitivity": 0.75,
      "specificity": 0.9425287356321839,
      "ppv": 0.6428571428571429,
      "npv": 0.9647058823529412,
      "support": 12
    },
    "basal cell carcinoma": {
      "sensitivity": 0.46153846153846156,
      "specificity": 0.9651162790697675,
      "ppv": 0.6666666666666666,
      "npv": 0.9222222222222223,
      "support": 13
    },
    "acne vulgaris": {
      "sensitivity": 1.0,
      "specificity": 1.0,
      "ppv": 1.0,
      "npv": 1.0,
      "support": 8
    }
  },
  "overall_score": 0.530122984492404
}