{
  "method": "base",
  "rag_experiment": "R0",
  "prompt_variant": "P2",
  "group_mode": "4group",
  "top_n": 10,
  "total_samples": 99,
  "successful_predictions": 99,
  "valid_predictions": 36,
  "num_diseases": 10,
  "accuracy": 0.18181818181818182,
  "balanced_accuracy": 0.45,
  "precision_macro": 0.5495238095238094,
  "recall_macro": 0.45,
  "f1_macro": 0.46495726495726497,
  "precision_micro": 0.5,
  "recall_micro": 0.5,
  "f1_micro": 0.5,
  "precision_weighted": 0.5603174603174603,
  "recall_weighted": 0.5,
  "f1_weighted": 0.5002374169040836,
  "matthews_corrcoef": 0.4415004654196808,
  "cohen_kappa": 0.4345549738219896,
  "confusion_matrix": [
    [
      2,
      0,
      2,
      0,
      0,
      0,
      0,
      0,
      0,
      0
    ],
    [
      0,
      1,
      0,
      0,
      0,
      0,
      0,
      0,
      0,
      1
    ],
    [
      1,
      0,
      0,
      0,
      0,
      0,
      0,
      0,
      0,
      0
    ],
    [
      0,
      0,
      2,
      1,
      0,
      0,
      0,
      0,
      0,
      0
    ],
    [
      1,
      0,
      0,
      0,
      1,
      0,
      0,
      0,
      0,
      0
    ],
    [
      0,
      1,
      0,
      0,
      1,
      1,
      0,
      0,
      0,
      0
    ],
    [
      0,
      0,
      0,
      0,
      0,
      0,
      2,
      0,
      1,
      0
    ],
    [
      0,
      0,
      0,
      0,
      0,
      0,
      0,
      4,
      2,
      0
    ],
    [
      1,
      0,
      1,
      0,
      0,
      0,
      1,
      3,
      0,
      0
    ],
    [
      0,
      0,
      0,
      0,
      0,
      0,
      0,
      0,
      0,
      6
    ]
  ],
  "per_disease_detailed": {
    "psoriasis": {
      "sensitivity": 0.15384615384615385,
      "specificity": 0.9651162790697675,
      "ppv": 0.4,
      "npv": 0.8829787234042553,
      "support": 13
    },
    "lupus erythematosus": {
      "sensitivity": 0.1111111111111111,
      "specificity": 0.9888888888888889,
      "ppv": 0.5,
      "npv": 0.9175257731958762,
      "support": 9
    },
    "lichen planus": {
      "sensitivity": 0.0,
      "specificity": 0.9444444444444444,
      "ppv": 0.0,
      "npv": 0.9042553191489362,
      "support": 9
    },
    "scleroderma": {
      "sensitivity": 0.125,
      "specificity": 1.0,
      "ppv": 1.0,
      "npv": 0.9285714285714286,
      "support": 8
    },
    "photodermatoses": {
      "sensitivity": 0.125,
      "specificity": 0.989010989010989,
      "ppv": 0.5,
      "npv": 0.9278350515463918,
      "support": 8
    },
    "sarcoidosis": {
      "sensitivity": 0.14285714285714285,
      "specificity": 1.0,
      "ppv": 1.0,
      "npv": 0.9387755102040817,
      "support": 7
    },
    "melanocytic nevi": {
      "sensitivity": 0.16666666666666666,
      "specificity": 0.9885057471264368,
      "ppv": 0.6666666666666666,
      "npv": 0.8958333333333334,
      "support": 12
    },
    "squamous cell carcinoma in situ": {
      "sensitivity": 0.3333333333333333,
      "specificity": 0.9655172413793104,
      "ppv": 0.5714285714285714,
      "npv": 0.9130434782608695,
      "support": 12
    },
    "basal cell carcinoma": {
      "sensitivity": 0.0,
      "specificity": 0.9651162790697675,
      "ppv": 0.0,
      "npv": 0.8645833333333334,
      "support": 13
    },
    "acne vulgaris": {
      "sensitivity": 0.75,
      "specificity": 0.989010989010989,
      "ppv": 0.8571428571428571,
      "npv": 0.9782608695652174,
      "support": 8
    }
  },
  "overall_score": 0.42818268057460207
}