{
  "method": "M1",
  "rag_experiment": "R1",
  "prompt_variant": "P1",
  "group_mode": "4group",
  "top_n": 10,
  "total_samples": 99,
  "successful_predictions": 99,
  "valid_predictions": 95,
  "num_diseases": 10,
  "accuracy": 0.5894736842105263,
  "balanced_accuracy": 0.5786935286935286,
  "precision_macro": 0.6992307692307692,
  "recall_macro": 0.5786935286935286,
  "f1_macro": 0.5724428660584266,
  "precision_micro": 0.5894736842105263,
  "recall_micro": 0.5894736842105263,
  "f1_micro": 0.5894736842105263,
  "precision_weighted": 0.7148717948717948,
  "recall_weighted": 0.5894736842105263,
  "f1_weighted": 0.5928853859216379,
  "matthews_corrcoef": 0.5603285513488848,
  "cohen_kappa": 0.5434380776340111,
  "confusion_matrix": [
    [
      8,
      2,
      0,
      0,
      0,
      3,
      0,
      0,
      0,
      0
    ],
    [
      0,
      3,
      0,
      0,
      0,
      6,
      0,
      0,
      0,
      0
    ],
    [
      1,
      0,
      1,
      1,
      2,
      4,
      0,
      0,
      0,
      0
    ],
    [
      0,
      1,
      0,
      2,
      0,
      5,
      0,
      0,
      0,
      0
    ],
    [
      1,
      2,
      0,
      0,
      2,
      3,
      0,
      0,
      0,
      0
    ],
    [
      0,
      2,
      0,
      0,
      0,
      5,
      0,
      0,
      0,
      0
    ],
    [
      0,
      0,
      0,
      0,
      0,
      0,
      8,
      0,
      0,
      0
    ],
    [
      0,
      0,
      0,
      0,
      0,
      0,
      0,
      8,
      4,
      0
    ],
    [
      0,
      0,
      0,
      0,
      0,
      0,
      0,
      2,
      11,
      0
    ],
    [
      0,
      0,
      0,
      0,
      0,
      0,
      0,
      0,
      0,
      8
    ]
  ],
  "per_disease_detailed": {
    "psoriasis": {
      "sensitivity": 0.6153846153846154,
      "specificity": 0.975609756097561,
      "ppv": 0.8,
      "npv": 0.9411764705882353,
      "support": 13
    },
    "lupus erythematosus": {
      "sensitivity": 0.3333333333333333,
      "specificity": 0.9186046511627907,
      "ppv": 0.3,
      "npv": 0.9294117647058824,
      "support": 9
    },
    "lichen planus": {
      "sensitivity": 0.1111111111111111,
      "specificity": 1.0,
      "ppv": 1.0,
      "npv": 0.9148936170212766,
      "support": 9
    },
    "scleroderma": {
      "sensitivity": 0.25,
      "specificity": 0.9885057471264368,
      "ppv": 0.6666666666666666,
      "npv": 0.9347826086956522,
      "support": 8
    },
    "photodermatoses": {
      "sensitivity": 0.25,
      "specificity": 0.9770114942528736,
      "ppv": 0.5,
      "npv": 0.9340659340659341,
      "support": 8
    },
    "sarcoidosis": {
      "sensitivity": 0.7142857142857143,
      "specificity": 0.7613636363636364,
      "ppv": 0.19230769230769232,
      "npv": 0.9710144927536232,
      "support": 7
    },
    "melanocytic nevi": {
      "sensitivity": 1.0,
      "specificity": 1.0,
      "ppv": 1.0,
      "npv": 1.0,
      "support": 8
    },
    "squamous cell carcinoma in situ": {
      "sensitivity": 0.6666666666666666,
      "specificity": 0.9759036144578314,
      "ppv": 0.8,
      "npv": 0.9529411764705882,
      "support": 12
    },
    "basal cell carcinoma": {
      "sensitivity": 0.8461538461538461,
      "specificity": 0.9512195121951219,
      "ppv": 0.7333333333333333,
      "npv": 0.975,
      "support": 13
    },
    "acne vulgaris": {
      "sensitivity": 1.0,
      "specificity": 1.0,
      "ppv": 1.0,
      "npv": 1.0,
      "support": 8
    }
  },
  "overall_score": 0.6203465259542801
}