{
  "method": "fuzzytopk",
  "rag_experiment": "NoRAG",
  "prompt_variant": "P1",
  "group_mode": "4group",
  "top_n": 10,
  "total_samples": 99,
  "successful_predictions": 99,
  "valid_predictions": 99,
  "num_diseases": 10,
  "accuracy": 0.7171717171717171,
  "balanced_accuracy": 0.6836691086691087,
  "precision_macro": 0.7077777777777777,
  "recall_macro": 0.6836691086691087,
  "f1_macro": 0.681979089579912,
  "precision_micro": 0.7171717171717171,
  "recall_micro": 0.7171717171717171,
  "f1_micro": 0.7171717171717171,
  "precision_weighted": 0.722615039281706,
  "recall_weighted": 0.7171717171717171,
  "f1_weighted": 0.7071398319725531,
  "matthews_corrcoef": 0.6857975836124597,
  "cohen_kappa": 0.6828738130648668,
  "confusion_matrix": [
    [
      11,
      0,
      0,
      0,
      0,
      1,
      0,
      1,
      0,
      0
    ],
    [
      0,
      4,
      0,
      0,
      0,
      4,
      0,
      0,
      0,
      1
    ],
    [
      1,
      0,
      7,
      0,
      0,
      0,
      0,
      1,
      0,
      0
    ],
    [
      2,
      0,
      0,
      4,
      1,
      1,
      0,
      0,
      0,
      0
    ],
    [
      2,
      2,
      2,
      0,
      2,
      0,
      0,
      0,
      0,
      0
    ],
    [
      1,
      0,
      0,
      1,
      1,
      3,
      0,
      0,
      1,
      0
    ],
    [
      0,
      0,
      0,
      0,
      0,
      0,
      11,
      0,
      1,
      0
    ],
    [
      1,
      0,
      0,
      0,
      0,
      0,
      0,
      9,
      2,
      0
    ],
    [
      0,
      0,
      0,
      0,
      0,
      0,
      0,
      1,
      12,
      0
    ],
    [
      0,
      0,
      0,
      0,
      0,
      0,
      0,
      0,
      0,
      8
    ]
  ],
  "per_disease_detailed": {
    "psoriasis": {
      "sensitivity": 0.8461538461538461,
      "specificity": 0.9186046511627907,
      "ppv": 0.6111111111111112,
      "npv": 0.9753086419753086,
      "support": 13
    },
    "lupus erythematosus": {
      "sensitivity": 0.4444444444444444,
      "specificity": 0.9777777777777777,
      "ppv": 0.6666666666666666,
      "npv": 0.946236559139785,
      "support": 9
    },
    "lichen planus": {
      "sensitivity": 0.7777777777777778,
      "specificity": 0.9777777777777777,
      "ppv": 0.7777777777777778,
      "npv": 0.9777777777777777,
      "support": 9
    },
    "scleroderma": {
      "sensitivity": 0.5,
      "specificity": 0.989010989010989,
      "ppv": 0.8,
      "npv": 0.9574468085106383,
      "support": 8
    },
    "photodermatoses": {
      "sensitivity": 0.25,
      "specificity": 0.978021978021978,
      "ppv": 0.5,
      "npv": 0.9368421052631579,
      "support": 8
    },
    "sarcoidosis": {
      "sensitivity": 0.42857142857142855,
      "specificity": 0.9347826086956522,
      "ppv": 0.3333333333333333,
      "npv": 0.9555555555555556,
      "support": 7
    },
    "melanocytic nevi": {
      "sensitivity": 0.9166666666666666,
      "specificity": 1.0,
      "ppv": 1.0,
      "npv": 0.9886363636363636,
      "support": 12
    },
    "squamous cell carcinoma in situ": {
      "sensitivity": 0.75,
      "specificity": 0.9655172413793104,
      "ppv": 0.75,
      "npv": 0.9655172413793104,
      "support": 12
    },
    "basal cell carcinoma": {
      "sensitivity": 0.9230769230769231,
      "specificity": 0.9534883720930233,
      "ppv": 0.75,
      "npv": 0.9879518072289156,
      "support": 13
    },
    "acne vulgaris": {
      "sensitivity": 1.0,
      "specificity": 0.989010989010989,
      "ppv": 0.8888888888888888,
      "npv": 1.0,
      "support": 8
    }
  },
  "overall_score": 0.7250588221205564
}