{
  "method": "fuzzytopk_s1cascade",
  "rag_experiment": "R2",
  "prompt_variant": "P0",
  "group_mode": "4group",
  "top_n": 10,
  "total_samples": 99,
  "successful_predictions": 99,
  "valid_predictions": 99,
  "num_diseases": 10,
  "accuracy": 0.7575757575757576,
  "balanced_accuracy": 0.7438186813186813,
  "precision_macro": 0.7618831168831169,
  "recall_macro": 0.7438186813186813,
  "f1_macro": 0.742518808826118,
  "precision_micro": 0.7575757575757576,
  "recall_micro": 0.7575757575757576,
  "f1_micro": 0.7575757575757576,
  "precision_weighted": 0.768407742650167,
  "recall_weighted": 0.7575757575757576,
  "f1_weighted": 0.7530609117081051,
  "matthews_corrcoef": 0.7314248553273945,
  "cohen_kappa": 0.7288290344670167,
  "confusion_matrix": [
    [
      9,
      0,
      1,
      0,
      1,
      0,
      0,
      1,
      1,
      0
    ],
    [
      0,
      7,
      0,
      0,
      1,
      0,
      0,
      1,
      0,
      0
    ],
    [
      1,
      0,
      8,
      0,
      0,
      0,
      0,
      0,
      0,
      0
    ],
    [
      1,
      2,
      1,
      4,
      0,
      0,
      0,
      0,
      0,
      0
    ],
    [
      1,
      0,
      0,
      0,
      5,
      1,
      0,
      0,
      0,
      1
    ],
    [
      0,
      2,
      0,
      1,
      0,
      3,
      0,
      0,
      1,
      0
    ],
    [
      0,
      0,
      0,
      0,
      0,
      0,
      11,
      1,
      0,
      0
    ],
    [
      0,
      0,
      0,
      0,
      0,
      1,
      0,
      11,
      0,
      0
    ],
    [
      0,
      0,
      0,
      0,
      0,
      0,
      0,
      4,
      9,
      0
    ],
    [
      0,
      0,
      0,
      0,
      0,
      0,
      0,
      0,
      0,
      8
    ]
  ],
  "per_disease_detailed": {
    "psoriasis": {
      "sensitivity": 0.6923076923076923,
      "specificity": 0.9651162790697675,
      "ppv": 0.75,
      "npv": 0.9540229885057471,
      "support": 13
    },
    "lupus erythematosus": {
      "sensitivity": 0.7777777777777778,
      "specificity": 0.9555555555555556,
      "ppv": 0.6363636363636364,
      "npv": 0.9772727272727273,
      "support": 9
    },
    "lichen planus": {
      "sensitivity": 0.8888888888888888,
      "specificity": 0.9777777777777777,
      "ppv": 0.8,
      "npv": 0.9887640449438202,
      "support": 9
    },
    "scleroderma": {
      "sensitivity": 0.5,
      "specificity": 0.989010989010989,
      "ppv": 0.8,
      "npv": 0.9574468085106383,
      "support": 8
    },
    "photodermatoses": {
      "sensitivity": 0.625,
      "specificity": 0.978021978021978,
      "ppv": 0.7142857142857143,
      "npv": 0.967391304347826,
      "support": 8
    },
    "sarcoidosis": {
      "sensitivity": 0.42857142857142855,
      "specificity": 0.9782608695652174,
      "ppv": 0.6,
      "npv": 0.9574468085106383,
      "support": 7
    },
    "melanocytic nevi": {
      "sensitivity": 0.9166666666666666,
      "specificity": 1.0,
      "ppv": 1.0,
      "npv": 0.9886363636363636,
      "support": 12
    },
    "squamous cell carcinoma in situ": {
      "sensitivity": 0.9166666666666666,
      "specificity": 0.9195402298850575,
      "ppv": 0.6111111111111112,
      "npv": 0.9876543209876543,
      "support": 12
    },
    "basal cell carcinoma": {
      "sensitivity": 0.6923076923076923,
      "specificity": 0.9767441860465116,
      "ppv": 0.8181818181818182,
      "npv": 0.9545454545454546,
      "support": 13
    },
    "acne vulgaris": {
      "sensitivity": 1.0,
      "specificity": 0.989010989010989,
      "ppv": 0.8888888888888888,
      "npv": 1.0,
      "support": 8
    }
  },
  "overall_score": 0.7719345917170384
}