{
  "method": "fuzzytopk_s1cascade",
  "rag_experiment": "R3",
  "prompt_variant": "P0",
  "group_mode": "4group",
  "top_n": 10,
  "total_samples": 99,
  "successful_predictions": 99,
  "valid_predictions": 99,
  "num_diseases": 10,
  "accuracy": 0.6666666666666666,
  "balanced_accuracy": 0.6381105006105006,
  "precision_macro": 0.6420651570651571,
  "recall_macro": 0.6381105006105006,
  "f1_macro": 0.6311549391216911,
  "precision_micro": 0.6666666666666666,
  "recall_micro": 0.6666666666666666,
  "f1_micro": 0.6666666666666666,
  "precision_weighted": 0.6664851983033802,
  "recall_weighted": 0.6666666666666666,
  "f1_weighted": 0.657757112957454,
  "matthews_corrcoef": 0.6293196990586926,
  "cohen_kappa": 0.6270122160063936,
  "confusion_matrix": [
    [
      8,
      0,
      1,
      0,
      1,
      1,
      0,
      1,
      1,
      0
    ],
    [
      1,
      5,
      0,
      1,
      1,
      1,
      0,
      0,
      0,
      0
    ],
    [
      2,
      0,
      6,
      0,
      0,
      1,
      0,
      0,
      0,
      0
    ],
    [
      1,
      1,
      1,
      3,
      1,
      0,
      0,
      1,
      0,
      0
    ],
    [
      0,
      2,
      0,
      0,
      4,
      1,
      0,
      0,
      0,
      1
    ],
    [
      0,
      3,
      0,
      1,
      0,
      1,
      0,
      1,
      0,
      1
    ],
    [
      0,
      0,
      0,
      0,
      0,
      0,
      11,
      0,
      1,
      0
    ],
    [
      1,
      0,
      0,
      0,
      0,
      0,
      0,
      11,
      0,
      0
    ],
    [
      0,
      0,
      0,
      0,
      0,
      0,
      0,
      4,
      9,
      0
    ],
    [
      0,
      0,
      0,
      0,
      0,
      0,
      0,
      0,
      0,
      8
    ]
  ],
  "per_disease_detailed": {
    "psoriasis": {
      "sensitivity": 0.6153846153846154,
      "specificity": 0.9418604651162791,
      "ppv": 0.6153846153846154,
      "npv": 0.9418604651162791,
      "support": 13
    },
    "lupus erythematosus": {
      "sensitivity": 0.5555555555555556,
      "specificity": 0.9333333333333333,
      "ppv": 0.45454545454545453,
      "npv": 0.9545454545454546,
      "support": 9
    },
    "lichen planus": {
      "sensitivity": 0.6666666666666666,
      "specificity": 0.9777777777777777,
      "ppv": 0.75,
      "npv": 0.967032967032967,
      "support": 9
    },
    "scleroderma": {
      "sensitivity": 0.375,
      "specificity": 0.978021978021978,
      "ppv": 0.6,
      "npv": 0.9468085106382979,
      "support": 8
    },
    "photodermatoses": {
      "sensitivity": 0.5,
      "specificity": 0.967032967032967,
      "ppv": 0.5714285714285714,
      "npv": 0.9565217391304348,
      "support": 8
    },
    "sarcoidosis": {
      "sensitivity": 0.14285714285714285,
      "specificity": 0.9565217391304348,
      "ppv": 0.2,
      "npv": 0.9361702127659575,
      "support": 7
    },
    "melanocytic nevi": {
      "sensitivity": 0.9166666666666666,
      "specificity": 1.0,
      "ppv": 1.0,
      "npv": 0.9886363636363636,
      "support": 12
    },
    "squamous cell carcinoma in situ": {
      "sensitivity": 0.9166666666666666,
      "specificity": 0.9195402298850575,
      "ppv": 0.6111111111111112,
      "npv": 0.9876543209876543,
      "support": 12
    },
    "basal cell carcinoma": {
      "sensitivity": 0.6923076923076923,
      "specificity": 0.9767441860465116,
      "ppv": 0.8181818181818182,
      "npv": 0.9545454545454546,
      "support": 13
    },
    "acne vulgaris": {
      "sensitivity": 1.0,
      "specificity": 0.978021978021978,
      "ppv": 0.8,
      "npv": 1.0,
      "support": 8
    }
  },
  "overall_score": 0.6799005517644766
}