{
  "method": "fuzzytopk_s1cascade",
  "rag_experiment": "R4",
  "prompt_variant": "P1",
  "group_mode": "4group",
  "top_n": 10,
  "total_samples": 99,
  "successful_predictions": 99,
  "valid_predictions": 99,
  "num_diseases": 10,
  "accuracy": 0.6666666666666666,
  "balanced_accuracy": 0.6212606837606838,
  "precision_macro": 0.6310897435897436,
  "recall_macro": 0.6212606837606838,
  "f1_macro": 0.6073683153094918,
  "precision_micro": 0.6666666666666666,
  "recall_micro": 0.6666666666666666,
  "f1_micro": 0.6666666666666666,
  "precision_weighted": 0.6478395061728396,
  "recall_weighted": 0.6666666666666666,
  "f1_weighted": 0.6373162255515197,
  "matthews_corrcoef": 0.6328268177101254,
  "cohen_kappa": 0.6242236024844722,
  "confusion_matrix": [
    [
      11,
      0,
      0,
      0,
      0,
      0,
      0,
      2,
      0,
      0
    ],
    [
      3,
      2,
      0,
      1,
      0,
      1,
      0,
      1,
      1,
      0
    ],
    [
      3,
      0,
      6,
      0,
      0,
      0,
      0,
      0,
      0,
      0
    ],
    [
      2,
      1,
      0,
      4,
      1,
      0,
      0,
      0,
      0,
      0
    ],
    [
      3,
      1,
      0,
      0,
      3,
      0,
      1,
      0,
      0,
      0
    ],
    [
      2,
      1,
      0,
      1,
      1,
      0,
      0,
      0,
      1,
      1
    ],
    [
      0,
      0,
      0,
      0,
      0,
      0,
      11,
      1,
      0,
      0
    ],
    [
      0,
      0,
      0,
      0,
      0,
      0,
      0,
      11,
      1,
      0
    ],
    [
      0,
      0,
      0,
      0,
      0,
      0,
      0,
      3,
      10,
      0
    ],
    [
      0,
      0,
      0,
      0,
      0,
      0,
      0,
      0,
      0,
      8
    ]
  ],
  "per_disease_detailed": {
    "psoriasis": {
      "sensitivity": 0.8461538461538461,
      "specificity": 0.8488372093023255,
      "ppv": 0.4583333333333333,
      "npv": 0.9733333333333334,
      "support": 13
    },
    "lupus erythematosus": {
      "sensitivity": 0.2222222222222222,
      "specificity": 0.9666666666666667,
      "ppv": 0.4,
      "npv": 0.925531914893617,
      "support": 9
    },
    "lichen planus": {
      "sensitivity": 0.6666666666666666,
      "specificity": 1.0,
      "ppv": 1.0,
      "npv": 0.967741935483871,
      "support": 9
    },
    "scleroderma": {
      "sensitivity": 0.5,
      "specificity": 0.978021978021978,
      "ppv": 0.6666666666666666,
      "npv": 0.956989247311828,
      "support": 8
    },
    "photodermatoses": {
      "sensitivity": 0.375,
      "specificity": 0.978021978021978,
      "ppv": 0.6,
      "npv": 0.9468085106382979,
      "support": 8
    },
    "sarcoidosis": {
      "sensitivity": 0.0,
      "specificity": 0.9891304347826086,
      "ppv": 0.0,
      "npv": 0.9285714285714286,
      "support": 7
    },
    "melanocytic nevi": {
      "sensitivity": 0.9166666666666666,
      "specificity": 0.9885057471264368,
      "ppv": 0.9166666666666666,
      "npv": 0.9885057471264368,
      "support": 12
    },
    "squamous cell carcinoma in situ": {
      "sensitivity": 0.9166666666666666,
      "specificity": 0.9195402298850575,
      "ppv": 0.6111111111111112,
      "npv": 0.9876543209876543,
      "support": 12
    },
    "basal cell carcinoma": {
      "sensitivity": 0.7692307692307693,
      "specificity": 0.9651162790697675,
      "ppv": 0.7692307692307693,
      "npv": 0.9651162790697675,
      "support": 13
    },
    "acne vulgaris": {
      "sensitivity": 1.0,
      "specificity": 0.989010989010989,
      "ppv": 0.8888888888888888,
      "npv": 1.0,
      "support": 8
    }
  },
  "overall_score": 0.6697453131159968
}