{
  "method": "M1",
  "rag_experiment": "R2",
  "prompt_variant": "P1",
  "group_mode": "4group",
  "top_n": 10,
  "total_samples": 99,
  "successful_predictions": 99,
  "valid_predictions": 94,
  "num_diseases": 10,
  "accuracy": 0.5212765957446809,
  "balanced_accuracy": 0.5086996336996337,
  "precision_macro": 0.6074318181818181,
  "recall_macro": 0.5086996336996337,
  "f1_macro": 0.5194010300044783,
  "precision_micro": 0.5212765957446809,
  "recall_micro": 0.5212765957446809,
  "f1_micro": 0.5212765957446809,
  "precision_weighted": 0.6344028046421664,
  "recall_weighted": 0.5212765957446809,
  "f1_weighted": 0.5404468513877905,
  "matthews_corrcoef": 0.4823863922473678,
  "cohen_kappa": 0.4680583501006037,
  "confusion_matrix": [
    [
      7,
      1,
      1,
      0,
      0,
      4,
      0,
      0,
      0,
      0
    ],
    [
      0,
      2,
      0,
      0,
      1,
      6,
      0,
      0,
      0,
      0
    ],
    [
      1,
      1,
      1,
      2,
      0,
      4,
      0,
      0,
      0,
      0
    ],
    [
      0,
      1,
      0,
      3,
      0,
      4,
      0,
      0,
      0,
      0
    ],
    [
      0,
      2,
      0,
      0,
      1,
      5,
      0,
      0,
      0,
      0
    ],
    [
      0,
      4,
      0,
      1,
      0,
      2,
      0,
      0,
      0,
      0
    ],
    [
      0,
      0,
      0,
      0,
      0,
      0,
      7,
      0,
      0,
      0
    ],
    [
      0,
      0,
      0,
      0,
      0,
      0,
      0,
      7,
      5,
      0
    ],
    [
      0,
      0,
      0,
      0,
      0,
      0,
      1,
      1,
      11,
      0
    ],
    [
      0,
      0,
      0,
      0,
      0,
      0,
      0,
      0,
      0,
      8
    ]
  ],
  "per_disease_detailed": {
    "psoriasis": {
      "sensitivity": 0.5384615384615384,
      "specificity": 0.9876543209876543,
      "ppv": 0.875,
      "npv": 0.9302325581395349,
      "support": 13
    },
    "lupus erythematosus": {
      "sensitivity": 0.2222222222222222,
      "specificity": 0.8941176470588236,
      "ppv": 0.18181818181818182,
      "npv": 0.9156626506024096,
      "support": 9
    },
    "lichen planus": {
      "sensitivity": 0.1111111111111111,
      "specificity": 0.9882352941176471,
      "ppv": 0.5,
      "npv": 0.9130434782608695,
      "support": 9
    },
    "scleroderma": {
      "sensitivity": 0.375,
      "specificity": 0.9651162790697675,
      "ppv": 0.5,
      "npv": 0.9431818181818182,
      "support": 8
    },
    "photodermatoses": {
      "sensitivity": 0.125,
      "specificity": 0.9883720930232558,
      "ppv": 0.5,
      "npv": 0.9239130434782609,
      "support": 8
    },
    "sarcoidosis": {
      "sensitivity": 0.2857142857142857,
      "specificity": 0.735632183908046,
      "ppv": 0.08,
      "npv": 0.927536231884058,
      "support": 7
    },
    "melanocytic nevi": {
      "sensitivity": 1.0,
      "specificity": 0.9885057471264368,
      "ppv": 0.875,
      "npv": 1.0,
      "support": 7
    },
    "squamous cell carcinoma in situ": {
      "sensitivity": 0.5833333333333334,
      "specificity": 0.9878048780487805,
      "ppv": 0.875,
      "npv": 0.9418604651162791,
      "support": 12
    },
    "basal cell carcinoma": {
      "sensitivity": 0.8461538461538461,
      "specificity": 0.9382716049382716,
      "ppv": 0.6875,
      "npv": 0.9743589743589743,
      "support": 13
    },
    "acne vulgaris": {
      "sensitivity": 1.0,
      "specificity": 1.0,
      "ppv": 1.0,
      "npv": 1.0,
      "support": 8
    }
  },
  "overall_score": 0.5621818536894113
}