{
  "method": "fuzzytopk_s1cascade",
  "rag_experiment": "R4",
  "prompt_variant": "P0",
  "group_mode": "4group",
  "top_n": 10,
  "total_samples": 99,
  "successful_predictions": 99,
  "valid_predictions": 99,
  "num_diseases": 10,
  "accuracy": 0.7171717171717171,
  "balanced_accuracy": 0.6740384615384615,
  "precision_macro": 0.6931394993894994,
  "recall_macro": 0.6740384615384615,
  "f1_macro": 0.6661023486317603,
  "precision_micro": 0.7171717171717171,
  "recall_micro": 0.7171717171717171,
  "f1_micro": 0.7171717171717171,
  "precision_weighted": 0.7055228721895388,
  "recall_weighted": 0.7171717171717171,
  "f1_weighted": 0.6941003876297993,
  "matthews_corrcoef": 0.6879491792095117,
  "cohen_kappa": 0.6815257352941176,
  "confusion_matrix": [
    [
      11,
      0,
      0,
      0,
      0,
      0,
      0,
      2,
      0,
      0
    ],
    [
      1,
      6,
      0,
      0,
      1,
      1,
      0,
      0,
      0,
      0
    ],
    [
      3,
      0,
      6,
      0,
      0,
      0,
      0,
      0,
      0,
      0
    ],
    [
      2,
      0,
      2,
      4,
      0,
      0,
      0,
      0,
      0,
      0
    ],
    [
      3,
      0,
      0,
      0,
      4,
      0,
      1,
      0,
      0,
      0
    ],
    [
      2,
      1,
      0,
      0,
      1,
      0,
      0,
      0,
      1,
      2
    ],
    [
      0,
      0,
      0,
      0,
      0,
      0,
      12,
      0,
      0,
      0
    ],
    [
      0,
      0,
      0,
      0,
      0,
      0,
      0,
      11,
      1,
      0
    ],
    [
      0,
      0,
      0,
      0,
      0,
      0,
      0,
      3,
      10,
      0
    ],
    [
      0,
      0,
      0,
      0,
      0,
      0,
      0,
      0,
      1,
      7
    ]
  ],
  "per_disease_detailed": {
    "psoriasis": {
      "sensitivity": 0.8461538461538461,
      "specificity": 0.872093023255814,
      "ppv": 0.5,
      "npv": 0.974025974025974,
      "support": 13
    },
    "lupus erythematosus": {
      "sensitivity": 0.6666666666666666,
      "specificity": 0.9888888888888889,
      "ppv": 0.8571428571428571,
      "npv": 0.967391304347826,
      "support": 9
    },
    "lichen planus": {
      "sensitivity": 0.6666666666666666,
      "specificity": 0.9777777777777777,
      "ppv": 0.75,
      "npv": 0.967032967032967,
      "support": 9
    },
    "scleroderma": {
      "sensitivity": 0.5,
      "specificity": 1.0,
      "ppv": 1.0,
      "npv": 0.9578947368421052,
      "support": 8
    },
    "photodermatoses": {
      "sensitivity": 0.5,
      "specificity": 0.978021978021978,
      "ppv": 0.6666666666666666,
      "npv": 0.956989247311828,
      "support": 8
    },
    "sarcoidosis": {
      "sensitivity": 0.0,
      "specificity": 0.9891304347826086,
      "ppv": 0.0,
      "npv": 0.9285714285714286,
      "support": 7
    },
    "melanocytic nevi": {
      "sensitivity": 1.0,
      "specificity": 0.9885057471264368,
      "ppv": 0.9230769230769231,
      "npv": 1.0,
      "support": 12
    },
    "squamous cell carcinoma in situ": {
      "sensitivity": 0.9166666666666666,
      "specificity": 0.9425287356321839,
      "ppv": 0.6875,
      "npv": 0.9879518072289156,
      "support": 12
    },
    "basal cell carcinoma": {
      "sensitivity": 0.7692307692307693,
      "specificity": 0.9651162790697675,
      "ppv": 0.7692307692307693,
      "npv": 0.9651162790697675,
      "support": 13
    },
    "acne vulgaris": {
      "sensitivity": 0.875,
      "specificity": 0.978021978021978,
      "ppv": 0.7777777777777778,
      "npv": 0.9888888888888889,
      "support": 8
    }
  },
  "overall_score": 0.7185848299696866
}