{
  "method": "fuzzytopk",
  "rag_experiment": "R3",
  "prompt_variant": "P3",
  "group_mode": "4group",
  "top_n": 10,
  "total_samples": 99,
  "successful_predictions": 99,
  "valid_predictions": 98,
  "num_diseases": 10,
  "accuracy": 0.5918367346938775,
  "balanced_accuracy": 0.5702991452991453,
  "precision_macro": 0.6723176823176823,
  "recall_macro": 0.5702991452991453,
  "f1_macro": 0.5704539320328795,
  "precision_micro": 0.5918367346938775,
  "recall_micro": 0.5918367346938775,
  "f1_micro": 0.5918367346938775,
  "precision_weighted": 0.6913300984729558,
  "recall_weighted": 0.5918367346938775,
  "f1_weighted": 0.5925376628384147,
  "matthews_corrcoef": 0.5520413030703208,
  "cohen_kappa": 0.5440269861579622,
  "confusion_matrix": [
    [
      7,
      1,
      1,
      0,
      0,
      1,
      0,
      3,
      0,
      0
    ],
    [
      0,
      4,
      0,
      0,
      0,
      5,
      0,
      0,
      0,
      0
    ],
    [
      0,
      1,
      7,
      0,
      0,
      0,
      0,
      1,
      0,
      0
    ],
    [
      0,
      0,
      3,
      3,
      0,
      1,
      0,
      0,
      0,
      0
    ],
    [
      0,
      4,
      0,
      0,
      2,
      1,
      0,
      0,
      0,
      1
    ],
    [
      0,
      2,
      0,
      1,
      0,
      4,
      0,
      0,
      0,
      0
    ],
    [
      0,
      0,
      0,
      0,
      0,
      0,
      6,
      2,
      4,
      0
    ],
    [
      0,
      0,
      0,
      0,
      0,
      0,
      0,
      12,
      0,
      0
    ],
    [
      0,
      0,
      0,
      0,
      0,
      1,
      0,
      3,
      9,
      0
    ],
    [
      0,
      1,
      0,
      1,
      0,
      0,
      1,
      0,
      1,
      4
    ]
  ],
  "per_disease_detailed": {
    "psoriasis": {
      "sensitivity": 0.5384615384615384,
      "specificity": 1.0,
      "ppv": 1.0,
      "npv": 0.9340659340659341,
      "support": 13
    },
    "lupus erythematosus": {
      "sensitivity": 0.4444444444444444,
      "specificity": 0.898876404494382,
      "ppv": 0.3076923076923077,
      "npv": 0.9411764705882353,
      "support": 9
    },
    "lichen planus": {
      "sensitivity": 0.7777777777777778,
      "specificity": 0.9550561797752809,
      "ppv": 0.6363636363636364,
      "npv": 0.9770114942528736,
      "support": 9
    },
    "scleroderma": {
      "sensitivity": 0.42857142857142855,
      "specificity": 0.978021978021978,
      "ppv": 0.6,
      "npv": 0.956989247311828,
      "support": 7
    },
    "photodermatoses": {
      "sensitivity": 0.25,
      "specificity": 1.0,
      "ppv": 1.0,
      "npv": 0.9375,
      "support": 8
    },
    "sarcoidosis": {
      "sensitivity": 0.5714285714285714,
      "specificity": 0.9010989010989011,
      "ppv": 0.3076923076923077,
      "npv": 0.9647058823529412,
      "support": 7
    },
    "melanocytic nevi": {
      "sensitivity": 0.5,
      "specificity": 0.9883720930232558,
      "ppv": 0.8571428571428571,
      "npv": 0.9340659340659341,
      "support": 12
    },
    "squamous cell carcinoma in situ": {
      "sensitivity": 1.0,
      "specificity": 0.8953488372093024,
      "ppv": 0.5714285714285714,
      "npv": 1.0,
      "support": 12
    },
    "basal cell carcinoma": {
      "sensitivity": 0.6923076923076923,
      "specificity": 0.9411764705882353,
      "ppv": 0.6428571428571429,
      "npv": 0.9523809523809523,
      "support": 13
    },
    "acne vulgaris": {
      "sensitivity": 0.5,
      "specificity": 0.9888888888888889,
      "ppv": 0.8,
      "npv": 0.956989247311828,
      "support": 8
    }
  },
  "overall_score": 0.6179511593848882
}