{
  "method": "fuzzytopk_s1cascade_stage3",
  "rag_experiment": "R2",
  "prompt_variant": "P3",
  "group_mode": "4group",
  "top_n": 10,
  "total_samples": 99,
  "successful_predictions": 99,
  "valid_predictions": 82,
  "num_diseases": 10,
  "accuracy": 0.48484848484848486,
  "balanced_accuracy": 0.5379287379287379,
  "precision_macro": 0.5327705627705628,
  "recall_macro": 0.5379287379287379,
  "f1_macro": 0.5241591741591742,
  "precision_micro": 0.5853658536585366,
  "recall_micro": 0.5853658536585366,
  "f1_micro": 0.5853658536585366,
  "precision_weighted": 0.557897793263647,
  "recall_weighted": 0.5853658536585366,
  "f1_weighted": 0.5579806372489299,
  "matthews_corrcoef": 0.5366658435893145,
  "cohen_kappa": 0.5284965330627431,
  "confusion_matrix": [
    [
      8,
      2,
      0,
      0,
      0,
      0,
      0,
      1,
      0,
      0
    ],
    [
      1,
      3,
      0,
      0,
      0,
      0,
      0,
      3,
      0,
      0
    ],
    [
      2,
      2,
      4,
      0,
      0,
      0,
      0,
      0,
      0,
      0
    ],
    [
      1,
      0,
      1,
      5,
      0,
      0,
      0,
      0,
      0,
      0
    ],
    [
      3,
      0,
      0,
      1,
      0,
      0,
      0,
      0,
      0,
      0
    ],
    [
      0,
      4,
      0,
      0,
      0,
      0,
      0,
      0,
      2,
      0
    ],
    [
      0,
      0,
      0,
      0,
      0,
      0,
      6,
      0,
      1,
      0
    ],
    [
      0,
      0,
      0,
      0,
      0,
      0,
      0,
      10,
      2,
      0
    ],
    [
      0,
      0,
      0,
      0,
      0,
      0,
      0,
      7,
      6,
      0
    ],
    [
      0,
      0,
      1,
      0,
      0,
      0,
      0,
      0,
      0,
      6
    ]
  ],
  "per_disease_detailed": {
    "psoriasis": {
      "sensitivity": 0.6153846153846154,
      "specificity": 0.9186046511627907,
      "ppv": 0.5333333333333333,
      "npv": 0.9404761904761905,
      "support": 13
    },
    "lupus erythematosus": {
      "sensitivity": 0.3333333333333333,
      "specificity": 0.9111111111111111,
      "ppv": 0.2727272727272727,
      "npv": 0.9318181818181818,
      "support": 9
    },
    "lichen planus": {
      "sensitivity": 0.4444444444444444,
      "specificity": 0.9777777777777777,
      "ppv": 0.6666666666666666,
      "npv": 0.946236559139785,
      "support": 9
    },
    "scleroderma": {
      "sensitivity": 0.625,
      "specificity": 0.989010989010989,
      "ppv": 0.8333333333333334,
      "npv": 0.967741935483871,
      "support": 8
    },
    "photodermatoses": {
      "sensitivity": 0.0,
      "specificity": 1.0,
      "ppv": 0,
      "npv": 0.9191919191919192,
      "support": 8
    },
    "sarcoidosis": {
      "sensitivity": 0.0,
      "specificity": 1.0,
      "ppv": 0,
      "npv": 0.9292929292929293,
      "support": 7
    },
    "melanocytic nevi": {
      "sensitivity": 0.5,
      "specificity": 1.0,
      "ppv": 1.0,
      "npv": 0.9354838709677419,
      "support": 12
    },
    "squamous cell carcinoma in situ": {
      "sensitivity": 0.8333333333333334,
      "specificity": 0.8735632183908046,
      "ppv": 0.47619047619047616,
      "npv": 0.9743589743589743,
      "support": 12
    },
    "basal cell carcinoma": {
      "sensitivity": 0.46153846153846156,
      "specificity": 0.9418604651162791,
      "ppv": 0.5454545454545454,
      "npv": 0.9204545454545454,
      "support": 13
    },
    "acne vulgaris": {
      "sensitivity": 0.75,
      "specificity": 1.0,
      "ppv": 1.0,
      "npv": 0.978494623655914,
      "support": 8
    }
  },
  "overall_score": 0.5639546296469767
}