{
  "method": "M1",
  "rag_experiment": "R0",
  "prompt_variant": "P1",
  "group_mode": "4group",
  "top_n": 10,
  "total_samples": 99,
  "successful_predictions": 99,
  "valid_predictions": 96,
  "num_diseases": 10,
  "accuracy": 0.59375,
  "balanced_accuracy": 0.5786935286935286,
  "precision_macro": 0.7074074074074074,
  "recall_macro": 0.5786935286935286,
  "f1_macro": 0.5815888147090192,
  "precision_micro": 0.59375,
  "recall_micro": 0.59375,
  "f1_micro": 0.59375,
  "precision_weighted": 0.7239197530864198,
  "recall_weighted": 0.59375,
  "f1_weighted": 0.6055705137786339,
  "matthews_corrcoef": 0.5661946399486647,
  "cohen_kappa": 0.5483715319662243,
  "confusion_matrix": [
    [
      8,
      2,
      0,
      0,
      0,
      3,
      0,
      0,
      0,
      0
    ],
    [
      0,
      2,
      0,
      0,
      1,
      6,
      0,
      0,
      0,
      0
    ],
    [
      1,
      0,
      2,
      1,
      0,
      5,
      0,
      0,
      0,
      0
    ],
    [
      0,
      1,
      0,
      2,
      0,
      5,
      0,
      0,
      0,
      0
    ],
    [
      1,
      2,
      0,
      0,
      2,
      3,
      0,
      0,
      0,
      0
    ],
    [
      0,
      2,
      0,
      0,
      0,
      5,
      0,
      0,
      0,
      0
    ],
    [
      0,
      0,
      0,
      0,
      0,
      0,
      9,
      0,
      0,
      0
    ],
    [
      0,
      0,
      0,
      0,
      0,
      0,
      0,
      8,
      4,
      0
    ],
    [
      0,
      0,
      0,
      0,
      0,
      0,
      0,
      2,
      11,
      0
    ],
    [
      0,
      0,
      0,
      0,
      0,
      0,
      0,
      0,
      0,
      8
    ]
  ],
  "per_disease_detailed": {
    "psoriasis": {
      "sensitivity": 0.6153846153846154,
      "specificity": 0.9759036144578314,
      "ppv": 0.8,
      "npv": 0.9418604651162791,
      "support": 13
    },
    "lupus erythematosus": {
      "sensitivity": 0.2222222222222222,
      "specificity": 0.9195402298850575,
      "ppv": 0.2222222222222222,
      "npv": 0.9195402298850575,
      "support": 9
    },
    "lichen planus": {
      "sensitivity": 0.2222222222222222,
      "specificity": 1.0,
      "ppv": 1.0,
      "npv": 0.925531914893617,
      "support": 9
    },
    "scleroderma": {
      "sensitivity": 0.25,
      "specificity": 0.9886363636363636,
      "ppv": 0.6666666666666666,
      "npv": 0.9354838709677419,
      "support": 8
    },
    "photodermatoses": {
      "sensitivity": 0.25,
      "specificity": 0.9886363636363636,
      "ppv": 0.6666666666666666,
      "npv": 0.9354838709677419,
      "support": 8
    },
    "sarcoidosis": {
      "sensitivity": 0.7142857142857143,
      "specificity": 0.7528089887640449,
      "ppv": 0.18518518518518517,
      "npv": 0.9710144927536232,
      "support": 7
    },
    "melanocytic nevi": {
      "sensitivity": 1.0,
      "specificity": 1.0,
      "ppv": 1.0,
      "npv": 1.0,
      "support": 9
    },
    "squamous cell carcinoma in situ": {
      "sensitivity": 0.6666666666666666,
      "specificity": 0.9761904761904762,
      "ppv": 0.8,
      "npv": 0.9534883720930233,
      "support": 12
    },
    "basal cell carcinoma": {
      "sensitivity": 0.8461538461538461,
      "specificity": 0.9518072289156626,
      "ppv": 0.7333333333333333,
      "npv": 0.9753086419753086,
      "support": 13
    },
    "acne vulgaris": {
      "sensitivity": 1.0,
      "specificity": 1.0,
      "ppv": 1.0,
      "npv": 1.0,
      "support": 8
    }
  },
  "overall_score": 0.624959814146278
}