{
  "method": "fuzzytopk_s1cascade_stage3",
  "rag_experiment": "R2",
  "prompt_variant": "P0",
  "group_mode": "4group",
  "top_n": 10,
  "total_samples": 99,
  "successful_predictions": 99,
  "valid_predictions": 82,
  "num_diseases": 10,
  "accuracy": 0.5151515151515151,
  "balanced_accuracy": 0.5707070707070707,
  "precision_macro": 0.5336288638262323,
  "recall_macro": 0.5707070707070707,
  "f1_macro": 0.5344921260481033,
  "precision_micro": 0.6219512195121951,
  "recall_micro": 0.6219512195121951,
  "f1_micro": 0.6219512195121951,
  "precision_weighted": 0.5614806834158568,
  "recall_weighted": 0.6219512195121951,
  "f1_weighted": 0.574683463330661,
  "matthews_corrcoef": 0.5792736638658641,
  "cohen_kappa": 0.5711875843454791,
  "confusion_matrix": [
    [
      9,
      1,
      0,
      0,
      0,
      0,
      0,
      2,
      0,
      0
    ],
    [
      2,
      4,
      0,
      0,
      0,
      0,
      0,
      1,
      1,
      0
    ],
    [
      1,
      0,
      5,
      0,
      0,
      0,
      0,
      0,
      0,
      0
    ],
    [
      2,
      0,
      1,
      3,
      0,
      0,
      0,
      0,
      0,
      0
    ],
    [
      1,
      2,
      1,
      0,
      0,
      0,
      0,
      0,
      0,
      2
    ],
    [
      1,
      3,
      1,
      0,
      0,
      0,
      0,
      1,
      0,
      0
    ],
    [
      0,
      0,
      0,
      0,
      0,
      0,
      9,
      1,
      1,
      0
    ],
    [
      0,
      0,
      0,
      0,
      0,
      0,
      0,
      11,
      1,
      0
    ],
    [
      0,
      0,
      0,
      0,
      0,
      0,
      1,
      3,
      5,
      0
    ],
    [
      0,
      0,
      1,
      0,
      0,
      0,
      0,
      0,
      0,
      5
    ]
  ],
  "per_disease_detailed": {
    "psoriasis": {
      "sensitivity": 0.6923076923076923,
      "specificity": 0.9186046511627907,
      "ppv": 0.5625,
      "npv": 0.9518072289156626,
      "support": 13
    },
    "lupus erythematosus": {
      "sensitivity": 0.4444444444444444,
      "specificity": 0.9333333333333333,
      "ppv": 0.4,
      "npv": 0.9438202247191011,
      "support": 9
    },
    "lichen planus": {
      "sensitivity": 0.5555555555555556,
      "specificity": 0.9555555555555556,
      "ppv": 0.5555555555555556,
      "npv": 0.9555555555555556,
      "support": 9
    },
    "scleroderma": {
      "sensitivity": 0.375,
      "specificity": 1.0,
      "ppv": 1.0,
      "npv": 0.9479166666666666,
      "support": 8
    },
    "photodermatoses": {
      "sensitivity": 0.0,
      "specificity": 1.0,
      "ppv": 0,
      "npv": 0.9191919191919192,
      "support": 8
    },
    "sarcoidosis": {
      "sensitivity": 0.0,
      "specificity": 1.0,
      "ppv": 0,
      "npv": 0.9292929292929293,
      "support": 7
    },
    "melanocytic nevi": {
      "sensitivity": 0.75,
      "specificity": 0.9885057471264368,
      "ppv": 0.9,
      "npv": 0.9662921348314607,
      "support": 12
    },
    "squamous cell carcinoma in situ": {
      "sensitivity": 0.9166666666666666,
      "specificity": 0.9080459770114943,
      "ppv": 0.5789473684210527,
      "npv": 0.9875,
      "support": 12
    },
    "basal cell carcinoma": {
      "sensitivity": 0.38461538461538464,
      "specificity": 0.9651162790697675,
      "ppv": 0.625,
      "npv": 0.9120879120879121,
      "support": 13
    },
    "acne vulgaris": {
      "sensitivity": 0.625,
      "specificity": 0.978021978021978,
      "ppv": 0.7142857142857143,
      "npv": 0.967391304347826,
      "support": 8
    }
  },
  "overall_score": 0.5869618728878861
}