{
  "method": "fuzzytopk",
  "rag_experiment": "R0",
  "prompt_variant": "P0",
  "group_mode": "4group",
  "top_n": 10,
  "total_samples": 99,
  "successful_predictions": 99,
  "valid_predictions": 97,
  "num_diseases": 10,
  "accuracy": 0.6391752577319587,
  "balanced_accuracy": 0.6267662892662893,
  "precision_macro": 0.6168088782562466,
  "recall_macro": 0.6267662892662893,
  "f1_macro": 0.6082486612375366,
  "precision_micro": 0.6391752577319587,
  "recall_micro": 0.6391752577319587,
  "f1_micro": 0.6391752577319587,
  "precision_weighted": 0.6388956027995637,
  "recall_weighted": 0.6391752577319587,
  "f1_weighted": 0.6252575264026246,
  "matthews_corrcoef": 0.6006297182984238,
  "cohen_kappa": 0.5969848053181387,
  "confusion_matrix": [
    [
      8,
      1,
      1,
      0,
      0,
      1,
      0,
      1,
      1,
      0
    ],
    [
      0,
      3,
      0,
      2,
      2,
      1,
      0,
      0,
      0,
      1
    ],
    [
      1,
      0,
      7,
      0,
      0,
      1,
      0,
      0,
      0,
      0
    ],
    [
      0,
      1,
      1,
      4,
      0,
      1,
      0,
      0,
      0,
      0
    ],
    [
      1,
      1,
      1,
      2,
      1,
      1,
      0,
      0,
      0,
      1
    ],
    [
      0,
      2,
      0,
      0,
      0,
      4,
      0,
      1,
      0,
      0
    ],
    [
      0,
      0,
      0,
      0,
      0,
      0,
      9,
      0,
      2,
      0
    ],
    [
      0,
      0,
      0,
      0,
      0,
      0,
      0,
      11,
      1,
      0
    ],
    [
      0,
      0,
      0,
      0,
      0,
      0,
      0,
      6,
      7,
      0
    ],
    [
      0,
      0,
      0,
      0,
      0,
      0,
      0,
      0,
      0,
      8
    ]
  ],
  "per_disease_detailed": {
    "psoriasis": {
      "sensitivity": 0.6153846153846154,
      "specificity": 0.9761904761904762,
      "ppv": 0.8,
      "npv": 0.9425287356321839,
      "support": 13
    },
    "lupus erythematosus": {
      "sensitivity": 0.3333333333333333,
      "specificity": 0.9431818181818182,
      "ppv": 0.375,
      "npv": 0.9325842696629213,
      "support": 9
    },
    "lichen planus": {
      "sensitivity": 0.7777777777777778,
      "specificity": 0.9659090909090909,
      "ppv": 0.7,
      "npv": 0.9770114942528736,
      "support": 9
    },
    "scleroderma": {
      "sensitivity": 0.5714285714285714,
      "specificity": 0.9555555555555556,
      "ppv": 0.5,
      "npv": 0.9662921348314607,
      "support": 7
    },
    "photodermatoses": {
      "sensitivity": 0.125,
      "specificity": 0.9775280898876404,
      "ppv": 0.3333333333333333,
      "npv": 0.925531914893617,
      "support": 8
    },
    "sarcoidosis": {
      "sensitivity": 0.5714285714285714,
      "specificity": 0.9444444444444444,
      "ppv": 0.4444444444444444,
      "npv": 0.9659090909090909,
      "support": 7
    },
    "melanocytic nevi": {
      "sensitivity": 0.8181818181818182,
      "specificity": 1.0,
      "ppv": 1.0,
      "npv": 0.9772727272727273,
      "support": 11
    },
    "squamous cell carcinoma in situ": {
      "sensitivity": 0.9166666666666666,
      "specificity": 0.9058823529411765,
      "ppv": 0.5789473684210527,
      "npv": 0.9871794871794872,
      "support": 12
    },
    "basal cell carcinoma": {
      "sensitivity": 0.5384615384615384,
      "specificity": 0.9523809523809523,
      "ppv": 0.6363636363636364,
      "npv": 0.9302325581395349,
      "support": 13
    },
    "acne vulgaris": {
      "sensitivity": 1.0,
      "specificity": 0.9775280898876404,
      "ppv": 0.8,
      "npv": 1.0,
      "support": 8
    }
  },
  "overall_score": 0.6596434053739489
}