{
  "method": "M3",
  "group_mode": "4group",
  "top_n": 10,
  "total_samples": 101,
  "successful_predictions": 101,
  "valid_predictions": 101,
  "num_diseases": 10,
  "accuracy": 0.5742574257425742,
  "balanced_accuracy": 0.5652319902319902,
  "precision_macro": 0.5826648351648351,
  "recall_macro": 0.5652319902319902,
  "f1_macro": 0.5657756272765347,
  "precision_micro": 0.5742574257425742,
  "recall_micro": 0.5742574257425742,
  "f1_micro": 0.5742574257425742,
  "precision_weighted": 0.5971385050592971,
  "recall_weighted": 0.5742574257425742,
  "f1_weighted": 0.5791636381982468,
  "matthews_corrcoef": 0.5261372350497718,
  "cohen_kappa": 0.5245237573899715,
  "confusion_matrix": [
    [
      6,
      0,
      2,
      0,
      2,
      2,
      0,
      1,
      0,
      0
    ],
    [
      1,
      3,
      0,
      0,
      2,
      3,
      0,
      0,
      0,
      0
    ],
    [
      2,
      0,
      4,
      1,
      0,
      1,
      0,
      1,
      0,
      0
    ],
    [
      2,
      0,
      1,
      3,
      0,
      2,
      0,
      0,
      0,
      0
    ],
    [
      1,
      2,
      1,
      1,
      3,
      0,
      0,
      0,
      0,
      0
    ],
    [
      0,
      2,
      0,
      0,
      1,
      4,
      0,
      0,
      0,
      0
    ],
    [
      0,
      0,
      0,
      0,
      0,
      0,
      10,
      1,
      1,
      0
    ],
    [
      0,
      0,
      1,
      0,
      0,
      0,
      0,
      9,
      4,
      0
    ],
    [
      0,
      0,
      1,
      0,
      0,
      1,
      0,
      3,
      8,
      0
    ],
    [
      0,
      0,
      0,
      0,
      0,
      0,
      0,
      0,
      0,
      8
    ]
  ],
  "per_disease_detailed": {
    "psoriasis": {
      "sensitivity": 0.46153846153846156,
      "specificity": 0.9318181818181818,
      "ppv": 0.5,
      "npv": 0.9213483146067416,
      "support": 13
    },
    "lupus erythematosus": {
      "sensitivity": 0.3333333333333333,
      "specificity": 0.9565217391304348,
      "ppv": 0.42857142857142855,
      "npv": 0.9361702127659575,
      "support": 9
    },
    "lichen planus": {
      "sensitivity": 0.4444444444444444,
      "specificity": 0.9347826086956522,
      "ppv": 0.4,
      "npv": 0.945054945054945,
      "support": 9
    },
    "scleroderma": {
      "sensitivity": 0.375,
      "specificity": 0.978494623655914,
      "ppv": 0.6,
      "npv": 0.9479166666666666,
      "support": 8
    },
    "photodermatoses": {
      "sensitivity": 0.375,
      "specificity": 0.946236559139785,
      "ppv": 0.375,
      "npv": 0.946236559139785,
      "support": 8
    },
    "sarcoidosis": {
      "sensitivity": 0.5714285714285714,
      "specificity": 0.9042553191489362,
      "ppv": 0.3076923076923077,
      "npv": 0.9659090909090909,
      "support": 7
    },
    "melanocytic nevi": {
      "sensitivity": 0.8333333333333334,
      "specificity": 1.0,
      "ppv": 1.0,
      "npv": 0.978021978021978,
      "support": 12
    },
    "squamous cell carcinoma": {
      "sensitivity": 0.6428571428571429,
      "specificity": 0.9310344827586207,
      "ppv": 0.6,
      "npv": 0.9418604651162791,
      "support": 14
    },
    "basal cell carcinoma": {
      "sensitivity": 0.6153846153846154,
      "specificity": 0.9431818181818182,
      "ppv": 0.6153846153846154,
      "npv": 0.9431818181818182,
      "support": 13
    },
    "acne vulgaris": {
      "sensitivity": 1.0,
      "specificity": 1.0,
      "ppv": 1.0,
      "npv": 1.0,
      "support": 8
    }
  },
  "overall_score": 0.607670037457108
}