{
  "method": "fuzzytopk_s1cascade",
  "rag_experiment": "R0",
  "prompt_variant": "P1",
  "group_mode": "4group",
  "top_n": 10,
  "total_samples": 99,
  "successful_predictions": 99,
  "valid_predictions": 99,
  "num_diseases": 10,
  "accuracy": 0.696969696969697,
  "balanced_accuracy": 0.6847832722832722,
  "precision_macro": 0.6995039682539682,
  "recall_macro": 0.6847832722832722,
  "f1_macro": 0.6818604724371314,
  "precision_micro": 0.696969696969697,
  "recall_micro": 0.696969696969697,
  "f1_micro": 0.696969696969697,
  "precision_weighted": 0.7043851210517877,
  "recall_weighted": 0.696969696969697,
  "f1_weighted": 0.6916257528856056,
  "matthews_corrcoef": 0.6626663564290722,
  "cohen_kappa": 0.6609976030133546,
  "confusion_matrix": [
    [
      8,
      1,
      0,
      0,
      1,
      0,
      0,
      1,
      2,
      0
    ],
    [
      0,
      5,
      0,
      1,
      1,
      0,
      0,
      0,
      2,
      0
    ],
    [
      1,
      0,
      8,
      0,
      0,
      0,
      0,
      0,
      0,
      0
    ],
    [
      1,
      1,
      1,
      3,
      1,
      1,
      0,
      0,
      0,
      0
    ],
    [
      2,
      1,
      0,
      0,
      3,
      1,
      0,
      0,
      0,
      1
    ],
    [
      0,
      2,
      0,
      0,
      0,
      5,
      0,
      0,
      0,
      0
    ],
    [
      0,
      0,
      0,
      0,
      0,
      0,
      11,
      0,
      1,
      0
    ],
    [
      0,
      0,
      0,
      0,
      0,
      0,
      0,
      11,
      1,
      0
    ],
    [
      0,
      0,
      0,
      0,
      0,
      1,
      0,
      4,
      8,
      0
    ],
    [
      0,
      0,
      0,
      0,
      0,
      1,
      0,
      0,
      0,
      7
    ]
  ],
  "per_disease_detailed": {
    "psoriasis": {
      "sensitivity": 0.6153846153846154,
      "specificity": 0.9534883720930233,
      "ppv": 0.6666666666666666,
      "npv": 0.9425287356321839,
      "support": 13
    },
    "lupus erythematosus": {
      "sensitivity": 0.5555555555555556,
      "specificity": 0.9444444444444444,
      "ppv": 0.5,
      "npv": 0.9550561797752809,
      "support": 9
    },
    "lichen planus": {
      "sensitivity": 0.8888888888888888,
      "specificity": 0.9888888888888889,
      "ppv": 0.8888888888888888,
      "npv": 0.9888888888888889,
      "support": 9
    },
    "scleroderma": {
      "sensitivity": 0.375,
      "specificity": 0.989010989010989,
      "ppv": 0.75,
      "npv": 0.9473684210526315,
      "support": 8
    },
    "photodermatoses": {
      "sensitivity": 0.375,
      "specificity": 0.967032967032967,
      "ppv": 0.5,
      "npv": 0.946236559139785,
      "support": 8
    },
    "sarcoidosis": {
      "sensitivity": 0.7142857142857143,
      "specificity": 0.9565217391304348,
      "ppv": 0.5555555555555556,
      "npv": 0.9777777777777777,
      "support": 7
    },
    "melanocytic nevi": {
      "sensitivity": 0.9166666666666666,
      "specificity": 1.0,
      "ppv": 1.0,
      "npv": 0.9886363636363636,
      "support": 12
    },
    "squamous cell carcinoma in situ": {
      "sensitivity": 0.9166666666666666,
      "specificity": 0.9425287356321839,
      "ppv": 0.6875,
      "npv": 0.9879518072289156,
      "support": 12
    },
    "basal cell carcinoma": {
      "sensitivity": 0.6153846153846154,
      "specificity": 0.9302325581395349,
      "ppv": 0.5714285714285714,
      "npv": 0.9411764705882353,
      "support": 13
    },
    "acne vulgaris": {
      "sensitivity": 0.875,
      "specificity": 0.989010989010989,
      "ppv": 0.875,
      "npv": 0.989010989010989,
      "support": 8
    }
  },
  "overall_score": 0.7168723409216102
}