{
  "method": "base",
  "rag_experiment": "R0",
  "prompt_variant": "P3",
  "group_mode": "4group",
  "top_n": 10,
  "total_samples": 99,
  "successful_predictions": 99,
  "valid_predictions": 56,
  "num_diseases": 10,
  "accuracy": 0.3333333333333333,
  "balanced_accuracy": 0.5836507936507936,
  "precision_macro": 0.5480555555555555,
  "recall_macro": 0.5836507936507936,
  "f1_macro": 0.5407427213309567,
  "precision_micro": 0.5892857142857143,
  "recall_micro": 0.5892857142857143,
  "f1_micro": 0.5892857142857143,
  "precision_weighted": 0.5819940476190476,
  "recall_weighted": 0.5892857142857143,
  "f1_weighted": 0.5677664247517189,
  "matthews_corrcoef": 0.5333105905066436,
  "cohen_kappa": 0.5295836376917458,
  "confusion_matrix": [
    [
      5,
      0,
      0,
      0,
      0,
      0,
      0,
      1,
      1,
      0
    ],
    [
      0,
      1,
      0,
      1,
      0,
      0,
      0,
      0,
      0,
      0
    ],
    [
      2,
      0,
      4,
      0,
      0,
      0,
      0,
      0,
      0,
      0
    ],
    [
      0,
      0,
      1,
      1,
      0,
      1,
      0,
      0,
      0,
      0
    ],
    [
      2,
      0,
      0,
      0,
      1,
      0,
      0,
      0,
      1,
      1
    ],
    [
      0,
      2,
      0,
      0,
      2,
      1,
      0,
      1,
      0,
      0
    ],
    [
      0,
      0,
      0,
      0,
      0,
      0,
      1,
      0,
      0,
      0
    ],
    [
      1,
      0,
      0,
      0,
      0,
      0,
      0,
      7,
      2,
      0
    ],
    [
      0,
      0,
      0,
      0,
      0,
      0,
      1,
      3,
      5,
      0
    ],
    [
      0,
      0,
      0,
      0,
      0,
      0,
      0,
      0,
      0,
      7
    ]
  ],
  "per_disease_detailed": {
    "psoriasis": {
      "sensitivity": 0.38461538461538464,
      "specificity": 0.9418604651162791,
      "ppv": 0.5,
      "npv": 0.9101123595505618,
      "support": 13
    },
    "lupus erythematosus": {
      "sensitivity": 0.1111111111111111,
      "specificity": 0.9777777777777777,
      "ppv": 0.3333333333333333,
      "npv": 0.9166666666666666,
      "support": 9
    },
    "lichen planus": {
      "sensitivity": 0.4444444444444444,
      "specificity": 0.9888888888888889,
      "ppv": 0.8,
      "npv": 0.9468085106382979,
      "support": 9
    },
    "scleroderma": {
      "sensitivity": 0.125,
      "specificity": 0.989010989010989,
      "ppv": 0.5,
      "npv": 0.9278350515463918,
      "support": 8
    },
    "photodermatoses": {
      "sensitivity": 0.125,
      "specificity": 0.978021978021978,
      "ppv": 0.3333333333333333,
      "npv": 0.9270833333333334,
      "support": 8
    },
    "sarcoidosis": {
      "sensitivity": 0.14285714285714285,
      "specificity": 0.9891304347826086,
      "ppv": 0.5,
      "npv": 0.9381443298969072,
      "support": 7
    },
    "melanocytic nevi": {
      "sensitivity": 0.08333333333333333,
      "specificity": 0.9885057471264368,
      "ppv": 0.5,
      "npv": 0.8865979381443299,
      "support": 12
    },
    "squamous cell carcinoma in situ": {
      "sensitivity": 0.5833333333333334,
      "specificity": 0.9425287356321839,
      "ppv": 0.5833333333333334,
      "npv": 0.9425287356321839,
      "support": 12
    },
    "basal cell carcinoma": {
      "sensitivity": 0.38461538461538464,
      "specificity": 0.9534883720930233,
      "ppv": 0.5555555555555556,
      "npv": 0.9111111111111111,
      "support": 13
    },
    "acne vulgaris": {
      "sensitivity": 0.875,
      "specificity": 0.989010989010989,
      "ppv": 0.875,
      "npv": 0.989010989010989,
      "support": 8
    }
  },
  "overall_score": 0.53228403418011
}