{
  "method": "fuzzytopk",
  "rag_experiment": "R3",
  "prompt_variant": "P2",
  "group_mode": "4group",
  "top_n": 10,
  "total_samples": 99,
  "successful_predictions": 99,
  "valid_predictions": 96,
  "num_diseases": 10,
  "accuracy": 0.59375,
  "balanced_accuracy": 0.5948717948717949,
  "precision_macro": 0.7091897233201581,
  "recall_macro": 0.5948717948717949,
  "f1_macro": 0.5819657329254853,
  "precision_micro": 0.59375,
  "recall_micro": 0.59375,
  "f1_micro": 0.59375,
  "precision_weighted": 0.7238287452282018,
  "recall_weighted": 0.59375,
  "f1_weighted": 0.5864871068044443,
  "matthews_corrcoef": 0.5590525130204475,
  "cohen_kappa": 0.5473340587595212,
  "confusion_matrix": [
    [
      3,
      2,
      2,
      0,
      0,
      1,
      0,
      3,
      1,
      0
    ],
    [
      0,
      5,
      0,
      0,
      0,
      3,
      0,
      1,
      0,
      0
    ],
    [
      0,
      1,
      7,
      0,
      0,
      0,
      0,
      1,
      0,
      0
    ],
    [
      0,
      0,
      2,
      5,
      0,
      1,
      0,
      0,
      0,
      0
    ],
    [
      0,
      3,
      0,
      0,
      2,
      1,
      0,
      1,
      0,
      1
    ],
    [
      0,
      1,
      0,
      1,
      0,
      4,
      0,
      0,
      0,
      0
    ],
    [
      0,
      0,
      0,
      0,
      0,
      0,
      7,
      2,
      3,
      0
    ],
    [
      0,
      0,
      0,
      0,
      0,
      0,
      0,
      11,
      0,
      0
    ],
    [
      0,
      0,
      0,
      0,
      0,
      1,
      0,
      4,
      8,
      0
    ],
    [
      0,
      1,
      1,
      0,
      0,
      0,
      0,
      0,
      1,
      5
    ]
  ],
  "per_disease_detailed": {
    "psoriasis": {
      "sensitivity": 0.25,
      "specificity": 1.0,
      "ppv": 1.0,
      "npv": 0.9032258064516129,
      "support": 12
    },
    "lupus erythematosus": {
      "sensitivity": 0.5555555555555556,
      "specificity": 0.9080459770114943,
      "ppv": 0.38461538461538464,
      "npv": 0.9518072289156626,
      "support": 9
    },
    "lichen planus": {
      "sensitivity": 0.7777777777777778,
      "specificity": 0.9425287356321839,
      "ppv": 0.5833333333333334,
      "npv": 0.9761904761904762,
      "support": 9
    },
    "scleroderma": {
      "sensitivity": 0.625,
      "specificity": 0.9886363636363636,
      "ppv": 0.8333333333333334,
      "npv": 0.9666666666666667,
      "support": 8
    },
    "photodermatoses": {
      "sensitivity": 0.25,
      "specificity": 1.0,
      "ppv": 1.0,
      "npv": 0.9361702127659575,
      "support": 8
    },
    "sarcoidosis": {
      "sensitivity": 0.6666666666666666,
      "specificity": 0.9222222222222223,
      "ppv": 0.36363636363636365,
      "npv": 0.9764705882352941,
      "support": 6
    },
    "melanocytic nevi": {
      "sensitivity": 0.5833333333333334,
      "specificity": 1.0,
      "ppv": 1.0,
      "npv": 0.9438202247191011,
      "support": 12
    },
    "squamous cell carcinoma in situ": {
      "sensitivity": 1.0,
      "specificity": 0.8588235294117647,
      "ppv": 0.4782608695652174,
      "npv": 1.0,
      "support": 11
    },
    "basal cell carcinoma": {
      "sensitivity": 0.6153846153846154,
      "specificity": 0.9397590361445783,
      "ppv": 0.6153846153846154,
      "npv": 0.9397590361445783,
      "support": 13
    },
    "acne vulgaris": {
      "sensitivity": 0.625,
      "specificity": 0.9886363636363636,
      "ppv": 0.8333333333333334,
      "npv": 0.9666666666666667,
      "support": 8
    }
  },
  "overall_score": 0.6275943301540494
}