{
  "method": "fuzzytopk",
  "rag_experiment": "R4",
  "prompt_variant": "P0",
  "group_mode": "4group",
  "top_n": 10,
  "total_samples": 99,
  "successful_predictions": 99,
  "valid_predictions": 98,
  "num_diseases": 10,
  "accuracy": 0.6020408163265306,
  "balanced_accuracy": 0.5678266178266178,
  "precision_macro": 0.597156862745098,
  "recall_macro": 0.5678266178266178,
  "f1_macro": 0.5703217107581434,
  "precision_micro": 0.6020408163265306,
  "recall_micro": 0.6020408163265306,
  "f1_micro": 0.6020408163265306,
  "precision_weighted": 0.6081332533013205,
  "recall_weighted": 0.6020408163265306,
  "f1_weighted": 0.5932520944312757,
  "matthews_corrcoef": 0.5552364332638956,
  "cohen_kappa": 0.5524066049888746,
  "confusion_matrix": [
    [
      8,
      0,
      2,
      1,
      0,
      0,
      0,
      2,
      0,
      0
    ],
    [
      3,
      4,
      0,
      0,
      1,
      1,
      0,
      0,
      0,
      0
    ],
    [
      3,
      0,
      4,
      1,
      0,
      0,
      0,
      0,
      1,
      0
    ],
    [
      1,
      1,
      0,
      3,
      0,
      1,
      0,
      1,
      0,
      0
    ],
    [
      1,
      3,
      0,
      0,
      3,
      1,
      0,
      0,
      0,
      0
    ],
    [
      1,
      1,
      0,
      0,
      1,
      1,
      0,
      0,
      1,
      2
    ],
    [
      0,
      0,
      0,
      0,
      0,
      0,
      10,
      0,
      2,
      0
    ],
    [
      1,
      0,
      0,
      0,
      0,
      0,
      0,
      9,
      2,
      0
    ],
    [
      0,
      0,
      0,
      0,
      0,
      0,
      0,
      3,
      10,
      0
    ],
    [
      0,
      0,
      0,
      0,
      0,
      0,
      0,
      0,
      1,
      7
    ]
  ],
  "per_disease_detailed": {
    "psoriasis": {
      "sensitivity": 0.6153846153846154,
      "specificity": 0.8823529411764706,
      "ppv": 0.4444444444444444,
      "npv": 0.9375,
      "support": 13
    },
    "lupus erythematosus": {
      "sensitivity": 0.4444444444444444,
      "specificity": 0.9438202247191011,
      "ppv": 0.4444444444444444,
      "npv": 0.9438202247191011,
      "support": 9
    },
    "lichen planus": {
      "sensitivity": 0.4444444444444444,
      "specificity": 0.9775280898876404,
      "ppv": 0.6666666666666666,
      "npv": 0.9456521739130435,
      "support": 9
    },
    "scleroderma": {
      "sensitivity": 0.42857142857142855,
      "specificity": 0.978021978021978,
      "ppv": 0.6,
      "npv": 0.956989247311828,
      "support": 7
    },
    "photodermatoses": {
      "sensitivity": 0.375,
      "specificity": 0.9777777777777777,
      "ppv": 0.6,
      "npv": 0.946236559139785,
      "support": 8
    },
    "sarcoidosis": {
      "sensitivity": 0.14285714285714285,
      "specificity": 0.967032967032967,
      "ppv": 0.25,
      "npv": 0.9361702127659575,
      "support": 7
    },
    "melanocytic nevi": {
      "sensitivity": 0.8333333333333334,
      "specificity": 1.0,
      "ppv": 1.0,
      "npv": 0.9772727272727273,
      "support": 12
    },
    "squamous cell carcinoma in situ": {
      "sensitivity": 0.75,
      "specificity": 0.9302325581395349,
      "ppv": 0.6,
      "npv": 0.963855421686747,
      "support": 12
    },
    "basal cell carcinoma": {
      "sensitivity": 0.7692307692307693,
      "specificity": 0.9176470588235294,
      "ppv": 0.5882352941176471,
      "npv": 0.9629629629629629,
      "support": 13
    },
    "acne vulgaris": {
      "sensitivity": 0.875,
      "specificity": 0.9777777777777777,
      "ppv": 0.7777777777777778,
      "npv": 0.9887640449438202,
      "support": 8
    }
  },
  "overall_score": 0.6207977250171153
}