{
  "method": "fuzzytopk_s1cascade",
  "rag_experiment": "R2",
  "prompt_variant": "P0",
  "group_mode": "4group",
  "top_n": 10,
  "total_samples": 99,
  "successful_predictions": 99,
  "valid_predictions": 99,
  "num_diseases": 10,
  "accuracy": 0.7575757575757576,
  "balanced_accuracy": 0.7424297924297923,
  "precision_macro": 0.7520202020202019,
  "recall_macro": 0.7424297924297923,
  "f1_macro": 0.741349186051232,
  "precision_micro": 0.7575757575757576,
  "recall_micro": 0.7575757575757576,
  "f1_micro": 0.7575757575757576,
  "precision_weighted": 0.7664815543603422,
  "recall_weighted": 0.7575757575757576,
  "f1_weighted": 0.7554142016929741,
  "matthews_corrcoef": 0.7310497965615033,
  "cohen_kappa": 0.7290455011974,
  "confusion_matrix": [
    [
      8,
      0,
      0,
      0,
      2,
      1,
      0,
      1,
      1,
      0
    ],
    [
      1,
      5,
      0,
      0,
      2,
      0,
      0,
      1,
      0,
      0
    ],
    [
      1,
      0,
      8,
      0,
      0,
      0,
      0,
      0,
      0,
      0
    ],
    [
      0,
      0,
      1,
      6,
      0,
      1,
      0,
      0,
      0,
      0
    ],
    [
      1,
      0,
      0,
      0,
      4,
      2,
      0,
      0,
      0,
      1
    ],
    [
      1,
      2,
      0,
      1,
      0,
      3,
      0,
      0,
      0,
      0
    ],
    [
      0,
      0,
      0,
      0,
      0,
      0,
      11,
      1,
      0,
      0
    ],
    [
      0,
      0,
      0,
      0,
      0,
      0,
      0,
      12,
      0,
      0
    ],
    [
      0,
      0,
      0,
      0,
      0,
      0,
      0,
      3,
      10,
      0
    ],
    [
      0,
      0,
      0,
      0,
      0,
      0,
      0,
      0,
      0,
      8
    ]
  ],
  "per_disease_detailed": {
    "psoriasis": {
      "sensitivity": 0.6153846153846154,
      "specificity": 0.9534883720930233,
      "ppv": 0.6666666666666666,
      "npv": 0.9425287356321839,
      "support": 13
    },
    "lupus erythematosus": {
      "sensitivity": 0.5555555555555556,
      "specificity": 0.9777777777777777,
      "ppv": 0.7142857142857143,
      "npv": 0.9565217391304348,
      "support": 9
    },
    "lichen planus": {
      "sensitivity": 0.8888888888888888,
      "specificity": 0.9888888888888889,
      "ppv": 0.8888888888888888,
      "npv": 0.9888888888888889,
      "support": 9
    },
    "scleroderma": {
      "sensitivity": 0.75,
      "specificity": 0.989010989010989,
      "ppv": 0.8571428571428571,
      "npv": 0.9782608695652174,
      "support": 8
    },
    "photodermatoses": {
      "sensitivity": 0.5,
      "specificity": 0.9560439560439561,
      "ppv": 0.5,
      "npv": 0.9560439560439561,
      "support": 8
    },
    "sarcoidosis": {
      "sensitivity": 0.42857142857142855,
      "specificity": 0.9565217391304348,
      "ppv": 0.42857142857142855,
      "npv": 0.9565217391304348,
      "support": 7
    },
    "melanocytic nevi": {
      "sensitivity": 0.9166666666666666,
      "specificity": 1.0,
      "ppv": 1.0,
      "npv": 0.9886363636363636,
      "support": 12
    },
    "squamous cell carcinoma in situ": {
      "sensitivity": 1.0,
      "specificity": 0.9310344827586207,
      "ppv": 0.6666666666666666,
      "npv": 1.0,
      "support": 12
    },
    "basal cell carcinoma": {
      "sensitivity": 0.7692307692307693,
      "specificity": 0.9883720930232558,
      "ppv": 0.9090909090909091,
      "npv": 0.9659090909090909,
      "support": 13
    },
    "acne vulgaris": {
      "sensitivity": 1.0,
      "specificity": 0.989010989010989,
      "ppv": 0.8888888888888888,
      "npv": 1.0,
      "support": 8
    }
  },
  "overall_score": 0.7712684212302057
}