{
  "method": "M1",
  "rag_experiment": "R2",
  "prompt_variant": "P3",
  "group_mode": "4group",
  "top_n": 10,
  "total_samples": 99,
  "successful_predictions": 99,
  "valid_predictions": 89,
  "num_diseases": 10,
  "accuracy": 0.47191011235955055,
  "balanced_accuracy": 0.49470390720390717,
  "precision_macro": 0.5747161172161172,
  "recall_macro": 0.49470390720390717,
  "f1_macro": 0.5071326712503182,
  "precision_micro": 0.47191011235955055,
  "recall_micro": 0.47191011235955055,
  "f1_micro": 0.47191011235955055,
  "precision_weighted": 0.5724091451619542,
  "recall_weighted": 0.47191011235955055,
  "f1_weighted": 0.4928735947903165,
  "matthews_corrcoef": 0.42402773498346097,
  "cohen_kappa": 0.40976435727388183,
  "confusion_matrix": [
    [
      6,
      0,
      1,
      0,
      1,
      5,
      0,
      0,
      0,
      0
    ],
    [
      0,
      1,
      0,
      0,
      1,
      7,
      0,
      0,
      0,
      0
    ],
    [
      1,
      1,
      1,
      2,
      0,
      4,
      0,
      0,
      0,
      0
    ],
    [
      0,
      1,
      0,
      4,
      1,
      2,
      0,
      0,
      0,
      0
    ],
    [
      0,
      1,
      0,
      0,
      1,
      6,
      0,
      0,
      0,
      0
    ],
    [
      0,
      4,
      0,
      1,
      0,
      2,
      0,
      0,
      0,
      0
    ],
    [
      0,
      0,
      0,
      0,
      0,
      0,
      2,
      0,
      0,
      0
    ],
    [
      0,
      0,
      0,
      0,
      0,
      0,
      0,
      7,
      5,
      0
    ],
    [
      0,
      0,
      0,
      0,
      0,
      0,
      0,
      3,
      10,
      0
    ],
    [
      0,
      0,
      0,
      0,
      0,
      0,
      0,
      0,
      0,
      8
    ]
  ],
  "per_disease_detailed": {
    "psoriasis": {
      "sensitivity": 0.46153846153846156,
      "specificity": 0.9868421052631579,
      "ppv": 0.8571428571428571,
      "npv": 0.9146341463414634,
      "support": 13
    },
    "lupus erythematosus": {
      "sensitivity": 0.1111111111111111,
      "specificity": 0.9125,
      "ppv": 0.125,
      "npv": 0.9012345679012346,
      "support": 9
    },
    "lichen planus": {
      "sensitivity": 0.1111111111111111,
      "specificity": 0.9875,
      "ppv": 0.5,
      "npv": 0.9080459770114943,
      "support": 9
    },
    "scleroderma": {
      "sensitivity": 0.5,
      "specificity": 0.9629629629629629,
      "ppv": 0.5714285714285714,
      "npv": 0.9512195121951219,
      "support": 8
    },
    "photodermatoses": {
      "sensitivity": 0.125,
      "specificity": 0.9629629629629629,
      "ppv": 0.25,
      "npv": 0.9176470588235294,
      "support": 8
    },
    "sarcoidosis": {
      "sensitivity": 0.2857142857142857,
      "specificity": 0.7073170731707317,
      "ppv": 0.07692307692307693,
      "npv": 0.9206349206349206,
      "support": 7
    },
    "melanocytic nevi": {
      "sensitivity": 1.0,
      "specificity": 1.0,
      "ppv": 1.0,
      "npv": 1.0,
      "support": 2
    },
    "squamous cell carcinoma in situ": {
      "sensitivity": 0.5833333333333334,
      "specificity": 0.961038961038961,
      "ppv": 0.7,
      "npv": 0.9367088607594937,
      "support": 12
    },
    "basal cell carcinoma": {
      "sensitivity": 0.7692307692307693,
      "specificity": 0.9342105263157895,
      "ppv": 0.6666666666666666,
      "npv": 0.9594594594594594,
      "support": 13
    },
    "acne vulgaris": {
      "sensitivity": 1.0,
      "specificity": 1.0,
      "ppv": 1.0,
      "npv": 1.0,
      "support": 8
    }
  },
  "overall_score": 0.5350563900220882
}