{
  "method": "M1",
  "rag_experiment": "R4",
  "prompt_variant": "P0",
  "group_mode": "4group",
  "top_n": 10,
  "total_samples": 99,
  "successful_predictions": 99,
  "valid_predictions": 90,
  "num_diseases": 10,
  "accuracy": 0.5666666666666667,
  "balanced_accuracy": 0.5633699633699634,
  "precision_macro": 0.6333270732535438,
  "recall_macro": 0.5633699633699634,
  "f1_macro": 0.5474264316719559,
  "precision_micro": 0.5666666666666667,
  "recall_micro": 0.5666666666666667,
  "f1_micro": 0.5666666666666667,
  "precision_weighted": 0.6454933673806224,
  "recall_weighted": 0.5666666666666667,
  "f1_weighted": 0.5566513710048806,
  "matthews_corrcoef": 0.5235134773059298,
  "cohen_kappa": 0.5142540824799335,
  "confusion_matrix": [
    [
      9,
      1,
      0,
      0,
      0,
      3,
      0,
      0,
      0,
      0
    ],
    [
      0,
      5,
      0,
      0,
      1,
      3,
      0,
      0,
      0,
      0
    ],
    [
      1,
      1,
      1,
      2,
      2,
      2,
      0,
      0,
      0,
      0
    ],
    [
      1,
      2,
      0,
      1,
      1,
      3,
      0,
      0,
      0,
      0
    ],
    [
      0,
      4,
      0,
      0,
      1,
      3,
      0,
      0,
      0,
      0
    ],
    [
      0,
      3,
      0,
      0,
      0,
      3,
      0,
      0,
      0,
      1
    ],
    [
      0,
      0,
      0,
      0,
      0,
      0,
      3,
      0,
      0,
      0
    ],
    [
      0,
      0,
      0,
      0,
      0,
      0,
      0,
      9,
      3,
      0
    ],
    [
      0,
      0,
      0,
      0,
      0,
      0,
      0,
      2,
      11,
      0
    ],
    [
      0,
      0,
      0,
      0,
      0,
      0,
      0,
      0,
      0,
      8
    ]
  ],
  "per_disease_detailed": {
    "psoriasis": {
      "sensitivity": 0.6923076923076923,
      "specificity": 0.974025974025974,
      "ppv": 0.8181818181818182,
      "npv": 0.9493670886075949,
      "support": 13
    },
    "lupus erythematosus": {
      "sensitivity": 0.5555555555555556,
      "specificity": 0.8641975308641975,
      "ppv": 0.3125,
      "npv": 0.9459459459459459,
      "support": 9
    },
    "lichen planus": {
      "sensitivity": 0.1111111111111111,
      "specificity": 1.0,
      "ppv": 1.0,
      "npv": 0.9101123595505618,
      "support": 9
    },
    "scleroderma": {
      "sensitivity": 0.125,
      "specificity": 0.975609756097561,
      "ppv": 0.3333333333333333,
      "npv": 0.9195402298850575,
      "support": 8
    },
    "photodermatoses": {
      "sensitivity": 0.125,
      "specificity": 0.9512195121951219,
      "ppv": 0.2,
      "npv": 0.9176470588235294,
      "support": 8
    },
    "sarcoidosis": {
      "sensitivity": 0.42857142857142855,
      "specificity": 0.8313253012048193,
      "ppv": 0.17647058823529413,
      "npv": 0.9452054794520548,
      "support": 7
    },
    "melanocytic nevi": {
      "sensitivity": 1.0,
      "specificity": 1.0,
      "ppv": 1.0,
      "npv": 1.0,
      "support": 3
    },
    "squamous cell carcinoma in situ": {
      "sensitivity": 0.75,
      "specificity": 0.9743589743589743,
      "ppv": 0.8181818181818182,
      "npv": 0.9620253164556962,
      "support": 12
    },
    "basal cell carcinoma": {
      "sensitivity": 0.8461538461538461,
      "specificity": 0.961038961038961,
      "ppv": 0.7857142857142857,
      "npv": 0.9736842105263158,
      "support": 13
    },
    "acne vulgaris": {
      "sensitivity": 1.0,
      "specificity": 0.9878048780487805,
      "ppv": 0.8888888888888888,
      "npv": 1.0,
      "support": 8
    }
  },
  "overall_score": 0.5992532699061724
}