{
  "method": "fuzzytopk",
  "rag_experiment": "R0",
  "prompt_variant": "P1",
  "group_mode": "4group",
  "top_n": 10,
  "total_samples": 99,
  "successful_predictions": 99,
  "valid_predictions": 96,
  "num_diseases": 10,
  "accuracy": 0.6354166666666666,
  "balanced_accuracy": 0.6247460872460872,
  "precision_macro": 0.622449494949495,
  "recall_macro": 0.6247460872460872,
  "f1_macro": 0.6046043924816302,
  "precision_micro": 0.6354166666666666,
  "recall_micro": 0.6354166666666666,
  "f1_micro": 0.6354166666666666,
  "precision_weighted": 0.6419744318181818,
  "recall_weighted": 0.6354166666666666,
  "f1_weighted": 0.6210207512956872,
  "matthews_corrcoef": 0.5964712387133104,
  "cohen_kappa": 0.5927766331353774,
  "confusion_matrix": [
    [
      8,
      1,
      1,
      0,
      0,
      1,
      0,
      1,
      1,
      0
    ],
    [
      0,
      3,
      0,
      2,
      1,
      2,
      0,
      0,
      0,
      1
    ],
    [
      1,
      0,
      6,
      0,
      0,
      1,
      0,
      0,
      0,
      0
    ],
    [
      0,
      1,
      1,
      4,
      0,
      1,
      0,
      0,
      0,
      0
    ],
    [
      1,
      1,
      1,
      2,
      1,
      1,
      0,
      0,
      0,
      1
    ],
    [
      0,
      2,
      0,
      0,
      0,
      4,
      0,
      1,
      0,
      0
    ],
    [
      0,
      0,
      0,
      0,
      0,
      0,
      10,
      0,
      1,
      0
    ],
    [
      1,
      0,
      0,
      0,
      0,
      0,
      0,
      10,
      1,
      0
    ],
    [
      0,
      0,
      0,
      0,
      0,
      0,
      0,
      6,
      7,
      0
    ],
    [
      0,
      0,
      0,
      0,
      0,
      0,
      0,
      0,
      0,
      8
    ]
  ],
  "per_disease_detailed": {
    "psoriasis": {
      "sensitivity": 0.6153846153846154,
      "specificity": 0.963855421686747,
      "ppv": 0.7272727272727273,
      "npv": 0.9411764705882353,
      "support": 13
    },
    "lupus erythematosus": {
      "sensitivity": 0.3333333333333333,
      "specificity": 0.9425287356321839,
      "ppv": 0.375,
      "npv": 0.9318181818181818,
      "support": 9
    },
    "lichen planus": {
      "sensitivity": 0.75,
      "specificity": 0.9659090909090909,
      "ppv": 0.6666666666666666,
      "npv": 0.9770114942528736,
      "support": 8
    },
    "scleroderma": {
      "sensitivity": 0.5714285714285714,
      "specificity": 0.9550561797752809,
      "ppv": 0.5,
      "npv": 0.9659090909090909,
      "support": 7
    },
    "photodermatoses": {
      "sensitivity": 0.125,
      "specificity": 0.9886363636363636,
      "ppv": 0.5,
      "npv": 0.925531914893617,
      "support": 8
    },
    "sarcoidosis": {
      "sensitivity": 0.5714285714285714,
      "specificity": 0.9325842696629213,
      "ppv": 0.4,
      "npv": 0.9651162790697675,
      "support": 7
    },
    "melanocytic nevi": {
      "sensitivity": 0.9090909090909091,
      "specificity": 1.0,
      "ppv": 1.0,
      "npv": 0.9883720930232558,
      "support": 11
    },
    "squamous cell carcinoma in situ": {
      "sensitivity": 0.8333333333333334,
      "specificity": 0.9047619047619048,
      "ppv": 0.5555555555555556,
      "npv": 0.9743589743589743,
      "support": 12
    },
    "basal cell carcinoma": {
      "sensitivity": 0.5384615384615384,
      "specificity": 0.963855421686747,
      "ppv": 0.7,
      "npv": 0.9302325581395349,
      "support": 13
    },
    "acne vulgaris": {
      "sensitivity": 1.0,
      "specificity": 0.9772727272727273,
      "ppv": 0.8,
      "npv": 1.0,
      "support": 8
    }
  },
  "overall_score": 0.6566026590650376
}