{
  "method": "fuzzytopk_s1cascade",
  "rag_experiment": "R3",
  "prompt_variant": "P0",
  "group_mode": "4group",
  "top_n": 10,
  "total_samples": 99,
  "successful_predictions": 99,
  "valid_predictions": 99,
  "num_diseases": 10,
  "accuracy": 0.6767676767676768,
  "balanced_accuracy": 0.6537851037851039,
  "precision_macro": 0.6713508713508715,
  "recall_macro": 0.6537851037851039,
  "f1_macro": 0.6564262527753576,
  "precision_micro": 0.6767676767676768,
  "recall_micro": 0.6767676767676768,
  "f1_micro": 0.6767676767676768,
  "precision_weighted": 0.6875409943591761,
  "recall_weighted": 0.6767676767676768,
  "f1_weighted": 0.6755655209619404,
  "matthews_corrcoef": 0.64026252894866,
  "cohen_kappa": 0.6383561643835617,
  "confusion_matrix": [
    [
      8,
      0,
      1,
      0,
      1,
      1,
      0,
      2,
      0,
      0
    ],
    [
      1,
      5,
      0,
      1,
      1,
      1,
      0,
      0,
      0,
      0
    ],
    [
      2,
      1,
      5,
      0,
      0,
      1,
      0,
      0,
      0,
      0
    ],
    [
      0,
      1,
      2,
      4,
      0,
      0,
      0,
      1,
      0,
      0
    ],
    [
      1,
      1,
      0,
      0,
      5,
      0,
      0,
      0,
      0,
      1
    ],
    [
      0,
      3,
      0,
      1,
      0,
      2,
      0,
      0,
      1,
      0
    ],
    [
      0,
      0,
      0,
      0,
      0,
      0,
      11,
      0,
      1,
      0
    ],
    [
      1,
      0,
      0,
      0,
      0,
      0,
      0,
      11,
      0,
      0
    ],
    [
      0,
      0,
      0,
      0,
      0,
      0,
      0,
      4,
      9,
      0
    ],
    [
      0,
      0,
      0,
      0,
      0,
      1,
      0,
      0,
      0,
      7
    ]
  ],
  "per_disease_detailed": {
    "psoriasis": {
      "sensitivity": 0.6153846153846154,
      "specificity": 0.9418604651162791,
      "ppv": 0.6153846153846154,
      "npv": 0.9418604651162791,
      "support": 13
    },
    "lupus erythematosus": {
      "sensitivity": 0.5555555555555556,
      "specificity": 0.9333333333333333,
      "ppv": 0.45454545454545453,
      "npv": 0.9545454545454546,
      "support": 9
    },
    "lichen planus": {
      "sensitivity": 0.5555555555555556,
      "specificity": 0.9666666666666667,
      "ppv": 0.625,
      "npv": 0.9560439560439561,
      "support": 9
    },
    "scleroderma": {
      "sensitivity": 0.5,
      "specificity": 0.978021978021978,
      "ppv": 0.6666666666666666,
      "npv": 0.956989247311828,
      "support": 8
    },
    "photodermatoses": {
      "sensitivity": 0.625,
      "specificity": 0.978021978021978,
      "ppv": 0.7142857142857143,
      "npv": 0.967391304347826,
      "support": 8
    },
    "sarcoidosis": {
      "sensitivity": 0.2857142857142857,
      "specificity": 0.9565217391304348,
      "ppv": 0.3333333333333333,
      "npv": 0.946236559139785,
      "support": 7
    },
    "melanocytic nevi": {
      "sensitivity": 0.9166666666666666,
      "specificity": 1.0,
      "ppv": 1.0,
      "npv": 0.9886363636363636,
      "support": 12
    },
    "squamous cell carcinoma in situ": {
      "sensitivity": 0.9166666666666666,
      "specificity": 0.9195402298850575,
      "ppv": 0.6111111111111112,
      "npv": 0.9876543209876543,
      "support": 12
    },
    "basal cell carcinoma": {
      "sensitivity": 0.6923076923076923,
      "specificity": 0.9767441860465116,
      "ppv": 0.8181818181818182,
      "npv": 0.9545454545454546,
      "support": 13
    },
    "acne vulgaris": {
      "sensitivity": 0.875,
      "specificity": 0.989010989010989,
      "ppv": 0.875,
      "npv": 0.989010989010989,
      "support": 8
    }
  },
  "overall_score": 0.694741452514797
}