{
  "method": "fuzzytopk_s1cascade",
  "rag_experiment": "R1",
  "prompt_variant": "P3",
  "group_mode": "4group",
  "top_n": 10,
  "total_samples": 99,
  "successful_predictions": 99,
  "valid_predictions": 99,
  "num_diseases": 10,
  "accuracy": 0.6767676767676768,
  "balanced_accuracy": 0.6465964590964591,
  "precision_macro": 0.6719887057387057,
  "recall_macro": 0.6465964590964591,
  "f1_macro": 0.6458482720156218,
  "precision_micro": 0.6767676767676768,
  "recall_micro": 0.6767676767676768,
  "f1_micro": 0.6767676767676768,
  "precision_weighted": 0.6892075517075517,
  "recall_weighted": 0.6767676767676768,
  "f1_weighted": 0.6715986917376794,
  "matthews_corrcoef": 0.6401318739491845,
  "cohen_kappa": 0.6381496287835522,
  "confusion_matrix": [
    [
      9,
      1,
      0,
      0,
      1,
      0,
      0,
      0,
      2,
      0
    ],
    [
      0,
      5,
      0,
      1,
      1,
      0,
      0,
      0,
      2,
      0
    ],
    [
      1,
      0,
      8,
      0,
      0,
      0,
      0,
      0,
      0,
      0
    ],
    [
      1,
      1,
      1,
      2,
      1,
      2,
      0,
      0,
      0,
      0
    ],
    [
      2,
      0,
      0,
      0,
      3,
      2,
      0,
      0,
      0,
      1
    ],
    [
      0,
      2,
      1,
      0,
      0,
      3,
      0,
      0,
      1,
      0
    ],
    [
      0,
      0,
      0,
      0,
      0,
      0,
      11,
      0,
      1,
      0
    ],
    [
      0,
      0,
      0,
      0,
      0,
      0,
      0,
      11,
      1,
      0
    ],
    [
      0,
      0,
      0,
      0,
      0,
      1,
      0,
      3,
      9,
      0
    ],
    [
      0,
      0,
      0,
      0,
      0,
      2,
      0,
      0,
      0,
      6
    ]
  ],
  "per_disease_detailed": {
    "psoriasis": {
      "sensitivity": 0.6923076923076923,
      "specificity": 0.9534883720930233,
      "ppv": 0.6923076923076923,
      "npv": 0.9534883720930233,
      "support": 13
    },
    "lupus erythematosus": {
      "sensitivity": 0.5555555555555556,
      "specificity": 0.9555555555555556,
      "ppv": 0.5555555555555556,
      "npv": 0.9555555555555556,
      "support": 9
    },
    "lichen planus": {
      "sensitivity": 0.8888888888888888,
      "specificity": 0.9777777777777777,
      "ppv": 0.8,
      "npv": 0.9887640449438202,
      "support": 9
    },
    "scleroderma": {
      "sensitivity": 0.25,
      "specificity": 0.989010989010989,
      "ppv": 0.6666666666666666,
      "npv": 0.9375,
      "support": 8
    },
    "photodermatoses": {
      "sensitivity": 0.375,
      "specificity": 0.967032967032967,
      "ppv": 0.5,
      "npv": 0.946236559139785,
      "support": 8
    },
    "sarcoidosis": {
      "sensitivity": 0.42857142857142855,
      "specificity": 0.9239130434782609,
      "ppv": 0.3,
      "npv": 0.9550561797752809,
      "support": 7
    },
    "melanocytic nevi": {
      "sensitivity": 0.9166666666666666,
      "specificity": 1.0,
      "ppv": 1.0,
      "npv": 0.9886363636363636,
      "support": 12
    },
    "squamous cell carcinoma in situ": {
      "sensitivity": 0.9166666666666666,
      "specificity": 0.9655172413793104,
      "ppv": 0.7857142857142857,
      "npv": 0.9882352941176471,
      "support": 12
    },
    "basal cell carcinoma": {
      "sensitivity": 0.6923076923076923,
      "specificity": 0.9186046511627907,
      "ppv": 0.5625,
      "npv": 0.9518072289156626,
      "support": 13
    },
    "acne vulgaris": {
      "sensitivity": 0.75,
      "specificity": 0.989010989010989,
      "ppv": 0.8571428571428571,
      "npv": 0.9782608695652174,
      "support": 8
    }
  },
  "overall_score": 0.6901172638491998
}