{
  "method": "base",
  "rag_experiment": "R0",
  "prompt_variant": "P0",
  "group_mode": "4group",
  "top_n": 10,
  "total_samples": 99,
  "successful_predictions": 99,
  "valid_predictions": 9,
  "num_diseases": 10,
  "accuracy": 0.04040404040404041,
  "balanced_accuracy": 0.4166666666666667,
  "precision_macro": 0.35714285714285715,
  "recall_macro": 0.35714285714285715,
  "f1_macro": 0.3333333333333333,
  "precision_micro": 0.4444444444444444,
  "recall_micro": 0.4444444444444444,
  "f1_micro": 0.4444444444444444,
  "precision_weighted": 0.5,
  "recall_weighted": 0.4444444444444444,
  "f1_weighted": 0.4444444444444444,
  "matthews_corrcoef": 0.4220811446494876,
  "cohen_kappa": 0.375,
  "confusion_matrix": [
    [
      1,
      0,
      0,
      0,
      0,
      0,
      0,
      0,
      0,
      0
    ],
    [
      0,
      0,
      0,
      1,
      0,
      1,
      0,
      0,
      0,
      0
    ],
    [
      0,
      0,
      1,
      0,
      0,
      1,
      0,
      0,
      0,
      0
    ],
    [
      1,
      0,
      0,
      0,
      0,
      0,
      0,
      0,
      0,
      0
    ],
    [
      0,
      0,
      0,
      0,
      0,
      0,
      0,
      0,
      0,
      0
    ],
    [
      0,
      0,
      0,
      0,
      0,
      0,
      0,
      0,
      0,
      0
    ],
    [
      0,
      0,
      0,
      0,
      0,
      0,
      0,
      0,
      0,
      0
    ],
    [
      0,
      0,
      0,
      0,
      0,
      0,
      0,
      0,
      0,
      0
    ],
    [
      0,
      0,
      0,
      0,
      0,
      0,
      0,
      0,
      2,
      0
    ],
    [
      0,
      0,
      0,
      0,
      0,
      1,
      0,
      0,
      0,
      0
    ]
  ],
  "per_disease_detailed": {
    "psoriasis": {
      "sensitivity": 0.07692307692307693,
      "specificity": 0.9883720930232558,
      "ppv": 0.5,
      "npv": 0.8762886597938144,
      "support": 13
    },
    "lupus erythematosus": {
      "sensitivity": 0.0,
      "specificity": 1.0,
      "ppv": 0,
      "npv": 0.9090909090909091,
      "support": 9
    },
    "lichen planus": {
      "sensitivity": 0.1111111111111111,
      "specificity": 1.0,
      "ppv": 1.0,
      "npv": 0.9183673469387755,
      "support": 9
    },
    "scleroderma": {
      "sensitivity": 0.0,
      "specificity": 0.989010989010989,
      "ppv": 0.0,
      "npv": 0.9183673469387755,
      "support": 8
    },
    "photodermatoses": {
      "sensitivity": 0.0,
      "specificity": 1.0,
      "ppv": 0,
      "npv": 0.9191919191919192,
      "support": 8
    },
    "sarcoidosis": {
      "sensitivity": 0.0,
      "specificity": 0.967391304347826,
      "ppv": 0.0,
      "npv": 0.9270833333333334,
      "support": 7
    },
    "melanocytic nevi": {
      "sensitivity": 0.0,
      "specificity": 1.0,
      "ppv": 0,
      "npv": 0.8787878787878788,
      "support": 12
    },
    "squamous cell carcinoma in situ": {
      "sensitivity": 0.0,
      "specificity": 1.0,
      "ppv": 0,
      "npv": 0.8787878787878788,
      "support": 12
    },
    "basal cell carcinoma": {
      "sensitivity": 0.15384615384615385,
      "specificity": 1.0,
      "ppv": 1.0,
      "npv": 0.8865979381443299,
      "support": 13
    },
    "acne vulgaris": {
      "sensitivity": 0.0,
      "specificity": 1.0,
      "ppv": 0,
      "npv": 0.9191919191919192,
      "support": 8
    }
  },
  "overall_score": 0.3376626599194942
}