{
  "method": "qwen25",
  "rag_experiment": "R0",
  "prompt_variant": "P3",
  "group_mode": "4group",
  "top_n": 10,
  "total_samples": 99,
  "successful_predictions": 99,
  "valid_predictions": 43,
  "num_diseases": 10,
  "accuracy": 0.1717171717171717,
  "balanced_accuracy": 0.34285714285714286,
  "precision_macro": 0.30777777777777776,
  "recall_macro": 0.34285714285714286,
  "f1_macro": 0.29650326797385623,
  "precision_micro": 0.3953488372093023,
  "recall_micro": 0.3953488372093023,
  "f1_micro": 0.3953488372093023,
  "precision_weighted": 0.3338501291989664,
  "recall_weighted": 0.3953488372093023,
  "f1_weighted": 0.3412334701322389,
  "matthews_corrcoef": 0.3097655903335956,
  "cohen_kappa": 0.30299251870324195,
  "confusion_matrix": [
    [
      3,
      0,
      2,
      0,
      0,
      0,
      0,
      1,
      1,
      0
    ],
    [
      2,
      0,
      0,
      0,
      1,
      0,
      0,
      0,
      1,
      0
    ],
    [
      1,
      0,
      2,
      0,
      0,
      0,
      0,
      0,
      0,
      0
    ],
    [
      1,
      0,
      1,
      0,
      0,
      0,
      0,
      0,
      0,
      0
    ],
    [
      1,
      0,
      1,
      0,
      0,
      0,
      0,
      0,
      1,
      0
    ],
    [
      0,
      0,
      0,
      1,
      0,
      0,
      0,
      0,
      0,
      2
    ],
    [
      0,
      0,
      0,
      0,
      0,
      0,
      1,
      1,
      1,
      0
    ],
    [
      1,
      0,
      0,
      0,
      0,
      0,
      0,
      4,
      3,
      0
    ],
    [
      0,
      0,
      0,
      0,
      0,
      0,
      0,
      3,
      3,
      0
    ],
    [
      0,
      0,
      0,
      0,
      0,
      0,
      0,
      0,
      0,
      4
    ]
  ],
  "per_disease_detailed": {
    "psoriasis": {
      "sensitivity": 0.23076923076923078,
      "specificity": 0.9302325581395349,
      "ppv": 0.3333333333333333,
      "npv": 0.8888888888888888,
      "support": 13
    },
    "lupus erythematosus": {
      "sensitivity": 0.0,
      "specificity": 1.0,
      "ppv": 0,
      "npv": 0.9090909090909091,
      "support": 9
    },
    "lichen planus": {
      "sensitivity": 0.2222222222222222,
      "specificity": 0.9555555555555556,
      "ppv": 0.3333333333333333,
      "npv": 0.9247311827956989,
      "support": 9
    },
    "scleroderma": {
      "sensitivity": 0.0,
      "specificity": 0.989010989010989,
      "ppv": 0.0,
      "npv": 0.9183673469387755,
      "support": 8
    },
    "photodermatoses": {
      "sensitivity": 0.0,
      "specificity": 0.989010989010989,
      "ppv": 0.0,
      "npv": 0.9183673469387755,
      "support": 8
    },
    "sarcoidosis": {
      "sensitivity": 0.0,
      "specificity": 1.0,
      "ppv": 0,
      "npv": 0.9292929292929293,
      "support": 7
    },
    "melanocytic nevi": {
      "sensitivity": 0.08333333333333333,
      "specificity": 1.0,
      "ppv": 1.0,
      "npv": 0.8877551020408163,
      "support": 12
    },
    "squamous cell carcinoma in situ": {
      "sensitivity": 0.3333333333333333,
      "specificity": 0.9425287356321839,
      "ppv": 0.4444444444444444,
      "npv": 0.9111111111111111,
      "support": 12
    },
    "basal cell carcinoma": {
      "sensitivity": 0.23076923076923078,
      "specificity": 0.9186046511627907,
      "ppv": 0.3,
      "npv": 0.8876404494382022,
      "support": 13
    },
    "acne vulgaris": {
      "sensitivity": 0.5,
      "specificity": 0.978021978021978,
      "ppv": 0.6666666666666666,
      "npv": 0.956989247311828,
      "support": 8
    }
  },
  "overall_score": 0.3400141195120965
}