{
  "method": "fuzzytopk_s1cascade",
  "rag_experiment": "R4",
  "prompt_variant": "P0",
  "group_mode": "4group",
  "top_n": 10,
  "total_samples": 99,
  "successful_predictions": 99,
  "valid_predictions": 99,
  "num_diseases": 10,
  "accuracy": 0.7272727272727273,
  "balanced_accuracy": 0.694520757020757,
  "precision_macro": 0.7138658490632175,
  "recall_macro": 0.694520757020757,
  "f1_macro": 0.694478015637441,
  "precision_micro": 0.7272727272727273,
  "recall_micro": 0.7272727272727273,
  "f1_micro": 0.7272727272727273,
  "precision_weighted": 0.7260395660515278,
  "recall_weighted": 0.7272727272727273,
  "f1_weighted": 0.7165300150403027,
  "matthews_corrcoef": 0.6972905434111657,
  "cohen_kappa": 0.6939896966227819,
  "confusion_matrix": [
    [
      11,
      0,
      0,
      0,
      0,
      0,
      0,
      2,
      0,
      0
    ],
    [
      1,
      5,
      0,
      0,
      1,
      2,
      0,
      0,
      0,
      0
    ],
    [
      1,
      1,
      6,
      0,
      0,
      0,
      0,
      1,
      0,
      0
    ],
    [
      0,
      0,
      1,
      6,
      0,
      1,
      0,
      0,
      0,
      0
    ],
    [
      3,
      0,
      0,
      0,
      4,
      0,
      1,
      0,
      0,
      0
    ],
    [
      0,
      2,
      0,
      1,
      1,
      1,
      0,
      1,
      0,
      1
    ],
    [
      0,
      0,
      0,
      0,
      0,
      0,
      12,
      0,
      0,
      0
    ],
    [
      0,
      0,
      0,
      0,
      0,
      0,
      0,
      11,
      1,
      0
    ],
    [
      0,
      0,
      0,
      0,
      0,
      0,
      0,
      4,
      9,
      0
    ],
    [
      0,
      0,
      0,
      0,
      0,
      0,
      0,
      0,
      1,
      7
    ]
  ],
  "per_disease_detailed": {
    "psoriasis": {
      "sensitivity": 0.8461538461538461,
      "specificity": 0.9418604651162791,
      "ppv": 0.6875,
      "npv": 0.9759036144578314,
      "support": 13
    },
    "lupus erythematosus": {
      "sensitivity": 0.5555555555555556,
      "specificity": 0.9666666666666667,
      "ppv": 0.625,
      "npv": 0.9560439560439561,
      "support": 9
    },
    "lichen planus": {
      "sensitivity": 0.6666666666666666,
      "specificity": 0.9888888888888889,
      "ppv": 0.8571428571428571,
      "npv": 0.967391304347826,
      "support": 9
    },
    "scleroderma": {
      "sensitivity": 0.75,
      "specificity": 0.989010989010989,
      "ppv": 0.8571428571428571,
      "npv": 0.9782608695652174,
      "support": 8
    },
    "photodermatoses": {
      "sensitivity": 0.5,
      "specificity": 0.978021978021978,
      "ppv": 0.6666666666666666,
      "npv": 0.956989247311828,
      "support": 8
    },
    "sarcoidosis": {
      "sensitivity": 0.14285714285714285,
      "specificity": 0.967391304347826,
      "ppv": 0.25,
      "npv": 0.9368421052631579,
      "support": 7
    },
    "melanocytic nevi": {
      "sensitivity": 1.0,
      "specificity": 0.9885057471264368,
      "ppv": 0.9230769230769231,
      "npv": 1.0,
      "support": 12
    },
    "squamous cell carcinoma in situ": {
      "sensitivity": 0.9166666666666666,
      "specificity": 0.9080459770114943,
      "ppv": 0.5789473684210527,
      "npv": 0.9875,
      "support": 12
    },
    "basal cell carcinoma": {
      "sensitivity": 0.6923076923076923,
      "specificity": 0.9767441860465116,
      "ppv": 0.8181818181818182,
      "npv": 0.9545454545454546,
      "support": 13
    },
    "acne vulgaris": {
      "sensitivity": 0.875,
      "specificity": 0.989010989010989,
      "ppv": 0.875,
      "npv": 0.989010989010989,
      "support": 8
    }
  },
  "overall_score": 0.7351584286183184
}