{
  "method": "fuzzytopk_s1cascade",
  "rag_experiment": "R4",
  "prompt_variant": "P2",
  "group_mode": "4group",
  "top_n": 10,
  "total_samples": 99,
  "successful_predictions": 99,
  "valid_predictions": 99,
  "num_diseases": 10,
  "accuracy": 0.6767676767676768,
  "balanced_accuracy": 0.6323717948717948,
  "precision_macro": 0.6423498964803311,
  "recall_macro": 0.6323717948717948,
  "f1_macro": 0.621025461466638,
  "precision_micro": 0.6767676767676768,
  "recall_micro": 0.6767676767676768,
  "f1_micro": 0.6767676767676768,
  "precision_weighted": 0.6614711643697152,
  "recall_weighted": 0.6767676767676768,
  "f1_weighted": 0.6516423482109756,
  "matthews_corrcoef": 0.6434644296759557,
  "cohen_kappa": 0.6359457595954954,
  "confusion_matrix": [
    [
      11,
      0,
      0,
      0,
      0,
      0,
      0,
      2,
      0,
      0
    ],
    [
      3,
      3,
      0,
      1,
      0,
      1,
      0,
      1,
      0,
      0
    ],
    [
      3,
      0,
      6,
      0,
      0,
      0,
      0,
      0,
      0,
      0
    ],
    [
      2,
      1,
      0,
      4,
      1,
      0,
      0,
      0,
      0,
      0
    ],
    [
      2,
      2,
      0,
      0,
      3,
      0,
      1,
      0,
      0,
      0
    ],
    [
      2,
      1,
      0,
      1,
      1,
      0,
      0,
      0,
      1,
      1
    ],
    [
      0,
      0,
      0,
      0,
      0,
      0,
      11,
      1,
      0,
      0
    ],
    [
      0,
      0,
      0,
      0,
      0,
      0,
      0,
      11,
      1,
      0
    ],
    [
      0,
      0,
      0,
      0,
      0,
      0,
      0,
      3,
      10,
      0
    ],
    [
      0,
      0,
      0,
      0,
      0,
      0,
      0,
      0,
      0,
      8
    ]
  ],
  "per_disease_detailed": {
    "psoriasis": {
      "sensitivity": 0.8461538461538461,
      "specificity": 0.8604651162790697,
      "ppv": 0.4782608695652174,
      "npv": 0.9736842105263158,
      "support": 13
    },
    "lupus erythematosus": {
      "sensitivity": 0.3333333333333333,
      "specificity": 0.9555555555555556,
      "ppv": 0.42857142857142855,
      "npv": 0.9347826086956522,
      "support": 9
    },
    "lichen planus": {
      "sensitivity": 0.6666666666666666,
      "specificity": 1.0,
      "ppv": 1.0,
      "npv": 0.967741935483871,
      "support": 9
    },
    "scleroderma": {
      "sensitivity": 0.5,
      "specificity": 0.978021978021978,
      "ppv": 0.6666666666666666,
      "npv": 0.956989247311828,
      "support": 8
    },
    "photodermatoses": {
      "sensitivity": 0.375,
      "specificity": 0.978021978021978,
      "ppv": 0.6,
      "npv": 0.9468085106382979,
      "support": 8
    },
    "sarcoidosis": {
      "sensitivity": 0.0,
      "specificity": 0.9891304347826086,
      "ppv": 0.0,
      "npv": 0.9285714285714286,
      "support": 7
    },
    "melanocytic nevi": {
      "sensitivity": 0.9166666666666666,
      "specificity": 0.9885057471264368,
      "ppv": 0.9166666666666666,
      "npv": 0.9885057471264368,
      "support": 12
    },
    "squamous cell carcinoma in situ": {
      "sensitivity": 0.9166666666666666,
      "specificity": 0.9195402298850575,
      "ppv": 0.6111111111111112,
      "npv": 0.9876543209876543,
      "support": 12
    },
    "basal cell carcinoma": {
      "sensitivity": 0.7692307692307693,
      "specificity": 0.9767441860465116,
      "ppv": 0.8333333333333334,
      "npv": 0.9655172413793104,
      "support": 13
    },
    "acne vulgaris": {
      "sensitivity": 1.0,
      "specificity": 0.989010989010989,
      "ppv": 0.8888888888888888,
      "npv": 1.0,
      "support": 8
    }
  },
  "overall_score": 0.6801587434122489
}