{
  "total_samples": 400,
  "successful_predictions": 384,
  "valid_predictions": 100,
  "num_classes": 10,
  "accuracy": 0.83,
  "balanced_accuracy": 0.8336713286713288,
  "precision_macro": 0.8178434065934066,
  "recall_macro": 0.8336713286713288,
  "f1_macro": 0.8037360149754038,
  "precision_micro": 0.83,
  "recall_micro": 0.83,
  "f1_micro": 0.83,
  "precision_weighted": 0.8575178571428572,
  "recall_weighted": 0.83,
  "f1_weighted": 0.823036642474673,
  "matthews_corrcoef": 0.8118856678187848,
  "cohen_kappa": 0.8086878235426513,
  "confusion_matrix": [
    [
      13,
      2,
      0,
      0,
      0,
      0,
      0,
      0,
      0,
      0
    ],
    [
      3,
      9,
      0,
      0,
      0,
      0,
      0,
      0,
      0,
      0
    ],
    [
      0,
      0,
      12,
      0,
      1,
      0,
      0,
      0,
      0,
      0
    ],
    [
      0,
      2,
      0,
      13,
      0,
      0,
      0,
      0,
      0,
      0
    ],
    [
      0,
      0,
      1,
      0,
      9,
      0,
      0,
      0,
      0,
      0
    ],
    [
      0,
      0,
      0,
      0,
      0,
      7,
      0,
      0,
      0,
      0
    ],
    [
      0,
      0,
      0,
      0,
      0,
      0,
      5,
      0,
      0,
      0
    ],
    [
      0,
      0,
      0,
      0,
      0,
      1,
      3,
      4,
      1,
      2
    ],
    [
      0,
      0,
      0,
      0,
      0,
      0,
      0,
      0,
      9,
      0
    ],
    [
      0,
      1,
      0,
      0,
      0,
      0,
      0,
      0,
      0,
      2
    ]
  ],
  "per_class_detailed": {
    "squamous cell carcinoma in situ": {
      "sensitivity": 0.8666666666666667,
      "specificity": 0.9647058823529412,
      "ppv": 0.8125,
      "npv": 0.9761904761904762,
      "support": 15
    },
    "basal cell carcinoma nodular": {
      "sensitivity": 0.75,
      "specificity": 0.9431818181818182,
      "ppv": 0.6428571428571429,
      "npv": 0.9651162790697675,
      "support": 12
    },
    "psoriasis": {
      "sensitivity": 0.9230769230769231,
      "specificity": 0.9885057471264368,
      "ppv": 0.9230769230769231,
      "npv": 0.9885057471264368,
      "support": 13
    },
    "melanocytic nevi": {
      "sensitivity": 0.8666666666666667,
      "specificity": 1.0,
      "ppv": 1.0,
      "npv": 0.9770114942528736,
      "support": 15
    },
    "lupus erythematosus": {
      "sensitivity": 0.9,
      "specificity": 0.9888888888888889,
      "ppv": 0.9,
      "npv": 0.9888888888888889,
      "support": 10
    },
    "lichen planus": {
      "sensitivity": 1.0,
      "specificity": 0.989247311827957,
      "ppv": 0.875,
      "npv": 1.0,
      "support": 7
    },
    "scleroderma": {
      "sensitivity": 1.0,
      "specificity": 0.968421052631579,
      "ppv": 0.625,
      "npv": 1.0,
      "support": 5
    },
    "photodermatoses": {
      "sensitivity": 0.36363636363636365,
      "specificity": 1.0,
      "ppv": 1.0,
      "npv": 0.9270833333333334,
      "support": 11
    },
    "acne vulgaris": {
      "sensitivity": 1.0,
      "specificity": 0.989010989010989,
      "ppv": 0.9,
      "npv": 1.0,
      "support": 9
    },
    "sarcoidosis": {
      "sensitivity": 0.6666666666666666,
      "specificity": 0.979381443298969,
      "ppv": 0.5,
      "npv": 0.9895833333333334,
      "support": 3
    }
  },
  "overall_score": 0.8380436370087654
}