{
  "total_samples": 1044,
  "successful_predictions": 1012,
  "valid_predictions": 1012,
  "num_classes": 10,
  "accuracy": 0.8596837944664032,
  "balanced_accuracy": 0.8478708097491158,
  "precision_macro": 0.8625507469372048,
  "recall_macro": 0.8478708097491158,
  "f1_macro": 0.8491356567439222,
  "precision_micro": 0.8596837944664032,
  "recall_micro": 0.8596837944664032,
  "f1_micro": 0.8596837944664032,
  "precision_weighted": 0.8640834020768352,
  "recall_weighted": 0.8596837944664032,
  "f1_weighted": 0.857252823955325,
  "matthews_corrcoef": 0.8430637523388286,
  "cohen_kappa": 0.8423425251921294,
  "confusion_matrix": [
    [
      150,
      6,
      3,
      3,
      0,
      1,
      0,
      0,
      0,
      1
    ],
    [
      14,
      108,
      2,
      6,
      2,
      0,
      0,
      0,
      0,
      1
    ],
    [
      0,
      0,
      114,
      0,
      3,
      1,
      0,
      1,
      0,
      4
    ],
    [
      2,
      6,
      0,
      111,
      0,
      0,
      0,
      0,
      0,
      0
    ],
    [
      1,
      1,
      3,
      0,
      74,
      3,
      1,
      1,
      0,
      5
    ],
    [
      4,
      0,
      3,
      0,
      1,
      81,
      1,
      0,
      1,
      1
    ],
    [
      0,
      0,
      4,
      0,
      3,
      7,
      64,
      1,
      0,
      0
    ],
    [
      1,
      0,
      4,
      1,
      1,
      10,
      3,
      39,
      5,
      7
    ],
    [
      0,
      0,
      0,
      0,
      0,
      1,
      0,
      0,
      68,
      0
    ],
    [
      0,
      2,
      1,
      0,
      2,
      5,
      0,
      1,
      1,
      61
    ]
  ],
  "per_class_detailed": {
    "squamous cell carcinoma in situ": {
      "sensitivity": 0.9146341463414634,
      "specificity": 0.9740566037735849,
      "ppv": 0.872093023255814,
      "npv": 0.9833333333333333,
      "support": 164
    },
    "basal cell carcinoma": {
      "sensitivity": 0.8120300751879699,
      "specificity": 0.9829351535836177,
      "ppv": 0.8780487804878049,
      "npv": 0.9718785151856018,
      "support": 133
    },
    "psoriasis": {
      "sensitivity": 0.926829268292683,
      "specificity": 0.9775028121484814,
      "ppv": 0.8507462686567164,
      "npv": 0.989749430523918,
      "support": 123
    },
    "melanocytic nevi": {
      "sensitivity": 0.9327731092436975,
      "specificity": 0.9888017917133258,
      "ppv": 0.9173553719008265,
      "npv": 0.9910213243546577,
      "support": 119
    },
    "lupus erythematosus": {
      "sensitivity": 0.8314606741573034,
      "specificity": 0.9869989165763814,
      "ppv": 0.8604651162790697,
      "npv": 0.9838012958963283,
      "support": 89
    },
    "lichen planus": {
      "sensitivity": 0.8804347826086957,
      "specificity": 0.9695652173913043,
      "ppv": 0.7431192660550459,
      "npv": 0.9878183831672204,
      "support": 92
    },
    "scleroderma": {
      "sensitivity": 0.810126582278481,
      "specificity": 0.9946409431939979,
      "ppv": 0.927536231884058,
      "npv": 0.9840933191940615,
      "support": 79
    },
    "photodermatoses": {
      "sensitivity": 0.5492957746478874,
      "specificity": 0.9957492029755579,
      "ppv": 0.9069767441860465,
      "npv": 0.9669762641898865,
      "support": 71
    },
    "acne vulgaris": {
      "sensitivity": 0.9855072463768116,
      "specificity": 0.9925768822905621,
      "ppv": 0.9066666666666666,
      "npv": 0.9989327641408752,
      "support": 69
    },
    "sarcoidosis": {
      "sensitivity": 0.8356164383561644,
      "specificity": 0.979765708200213,
      "ppv": 0.7625,
      "npv": 0.9871244635193133,
      "support": 73
    }
  },
  "overall_score": 0.8665263725468036
}