{
  "total_samples": 104,
  "successful_predictions": 104,
  "valid_predictions": 53,
  "num_groups": 4,
  "accuracy": 0.8867924528301887,
  "balanced_accuracy": 0.7793421052631578,
  "precision_macro": 0.9379629629629629,
  "recall_macro": 0.7793421052631578,
  "f1_macro": 0.801923076923077,
  "precision_micro": 0.8867924528301887,
  "recall_micro": 0.8867924528301887,
  "f1_micro": 0.8867924528301887,
  "precision_weighted": 0.8942697414395528,
  "recall_weighted": 0.8867924528301887,
  "f1_weighted": 0.8727140783744558,
  "matthews_corrcoef": 0.8195444149119598,
  "cohen_kappa": 0.8156521739130435,
  "confusion_matrix": [
    [
      18,
      0,
      1,
      0
    ],
    [
      0,
      1,
      3,
      0
    ],
    [
      2,
      0,
      23,
      0
    ],
    [
      0,
      0,
      0,
      5
    ]
  ],
  "per_group_detailed": {
    "1. Inflammatory & Autoimmune Diseases": {
      "sensitivity": 0.9473684210526315,
      "specificity": 0.9411764705882353,
      "ppv": 0.9,
      "npv": 0.9696969696969697,
      "support": 19
    },
    "2. Benign Tumors, Nevi & Cysts": {
      "sensitivity": 0.25,
      "specificity": 1.0,
      "ppv": 1.0,
      "npv": 0.9423076923076923,
      "support": 4
    },
    "3. Malignant Skin Tumors": {
      "sensitivity": 0.92,
      "specificity": 0.8571428571428571,
      "ppv": 0.8518518518518519,
      "npv": 0.9230769230769231,
      "support": 25
    },
    "4. Acne & Follicular Disorders": {
      "sensitivity": 1.0,
      "specificity": 1.0,
      "ppv": 1.0,
      "npv": 1.0,
      "support": 5
    }
  },
  "overall_score": 0.8444375214698072
}